"variant","source","f_revised"
"oil","palm | soybean | sunflower | groundnut","lipid base"
"snf","milk","processed_ingredient"
"soy","soybean","raw_agricultural_material"
"tvp","soybean","processed_ingredient"
"oat","oat","raw_agricultural_material"
"wpc","milk","processed_ingredient"
"dha","algae | fish","lipid base"
"egg","egg","raw_agricultural_material"
"hvp","soybean","processed_ingredient"
"tea","tea","flavouring agent"
"fig","fig","raw_agricultural_material"
"bht","synthetic","antioxidant|preservative"
"fos","sugarcane | chicory","sweetener|bulking agent"
"rye","rye","raw_agricultural_material"
"tvp","soybean","processed_ingredient"
"palm","palm","raw_agricultural_material"
"oils","palm | soybean | sunflower | groundnut","lipid base"
"salt","mineral","raw_agricultural_material"
"sait","mineral","raw_agricultural_material"
"salz","mineral","raw_agricultural_material"
"date","date","raw_agricultural_material"
"milk","milk","raw_agricultural_material"
"milk","milk","raw_agricultural_material"
"ragi","ragi","raw_agricultural_material"
"mint","mint","taste profile / spice"
"soya","soybean","raw_agricultural_material"
"urad","urad","raw_agricultural_material"
"zinc","mineral","raw_agricultural_material"
"oats","oats","raw_agricultural_material"
"hing","asafoetida","taste profile / spice"
"peas","peas","raw_agricultural_material"
"milk","milk","raw_agricultural_material"
"whey","milk","processed_ingredient"
"amra","hog plum","raw_agricultural_material"
"พริก","chili","taste profile / spice"
"curd","milk","processed_ingredient"
"dahi","milk","processed_ingredient"
"ghee","milk","lipid base"
"lime","lime","flavouring agent"
"mace","mace","taste profile / spice"
"monk","monk fruit","sweetener"
"okra","okra","raw_agricultural_material"
"plum","plum","raw_agricultural_material"
"rice","rice","raw_agricultural_material"
"paua","abalone","raw_agricultural_material"
"poha","rice","raw_agricultural_material"
"sago","sago","processed_ingredient"
"rava","wheat","raw_agricultural_material"
"salt","mineral","raw_agricultural_material"
"tbhq","synthetic","antioxidant|preservative"
"atta","wheat","raw_agricultural_material"
"figs","fig","raw_agricultural_material"
"balm","balm","taste profile / spice"
"bran","wheat","processed_ingredient"
"kale","kale","raw_agricultural_material"
"khoa","milk","processed_ingredient"
"carot","carrot","raw_agricultural_material"
"cream","milk","lipid base"
"dates","date","raw_agricultural_material"
"maida","wheat","raw_agricultural_material"
"mango","mango","raw_agricultural_material"
"dairy","milk","raw_agricultural_material"
"khoya","milk","processed_ingredient"
"bajra","pearl millet","raw_agricultural_material"
"jowar","sorghum","raw_agricultural_material"
"pista","pistachio","raw_agricultural_material"
"sugar","sugarcane","sweetener"
"sucre","sugarcane","sweetener"
"đường","sugarcane","sweetener"
"kakvi","sugarcane","sweetener"
"wafer","wheat","raw_agricultural_material"
"wheat","wheat","raw_agricultural_material"
"kesar","saffron","colour"
"mater","peas","raw_agricultural_material"
"yeast","yeast","raising agent"
"apple","apple","raw_agricultural_material"
"basil","basil","taste profile / spice"
"tulsi","tulsi","taste profile / spice"
"beans","beans","raw_agricultural_material"
"besan","chickpea","raw_agricultural_material"
"chana","chickpea","raw_agricultural_material"
"clove","clove","taste profile / spice"
"cocoa","cocoa","taste profile / spice"
"cumin","cumin","taste profile / spice"
"jeera","cumin","taste profile / spice"
"moong","mung bean","raw_agricultural_material"
"guava","guava","raw_agricultural_material"
"honey","honey","sweetener"
"leeks","leek","raw_agricultural_material"
"lemon","lemon","flavouring agent"
"dairy","milk","raw_agricultural_material"
"salts","mineral","raw_agricultural_material"
"onion","onion","raw_agricultural_material"
"sooji","wheat","raw_agricultural_material"
"wheat","wheat","raw_agricultural_material"
"supar","areca nut","taste profile / spice"
"thyme","thyme","taste profile / spice"
"water","water","raw_agricultural_material"
"brine","mineral","raw_agricultural_material"
"l-hpc","synthetic","fortification_agent"
"lupin","lupin","raw_agricultural_material"
"musli","safed musli","raw_agricultural_material"
"oxide","mineral","raw_agricultural_material"
"pipal","long pepper","taste profile / spice"
"spelt","spelt","raw_agricultural_material"
"carrot","carrot","raw_agricultural_material"
"turnip","turnip","raw_agricultural_material"
"cashew","cashew","raw_agricultural_material"
"garlic","garlic","taste profile / spice"
"ginger","ginger","taste profile / spice"
"sunthi","ginger","taste profile / spice"
"amchur","mango","taste profile / spice"
"millet","millet","raw_agricultural_material"
"quinoa","quinoa","raw_agricultural_material"
"saamai","little millet","raw_agricultural_material"
"nachni","finger millet","raw_agricultural_material"
"fudina","mint","taste profile / spice"
"raisin","grape","sweetener"
"sesame","sesame","raw_agricultural_material"
"soynut","soybean","raw_agricultural_material"
"stevia","stevia","sweetener"
"sugars","sugarcane","sweetener"
"zucker","sugarcane","sweetener"
"mishri","sugarcane","sweetener"
"waffle","wheat","raw_agricultural_material"
"almond","almond","raw_agricultural_material"
"citric","synthetic | corn","acidity regulator"
"dhania","coriander","taste profile / spice"
"safron","saffron","colour"
"fennel","fennel","taste profile / spice"
"ajwain","carom","taste profile / spice"
"ajowan","ajowan","taste profile / spice"
"coffee","coffee","flavouring agent"
"banana","banana","raw_agricultural_material"
"barley","barley","raw_agricultural_material"
"biotin","synthetic","fortification_agent"
"pepper","pepper","taste profile / spice"
"brahmi","brahmi","flavouring agent"
"butter","milk","lipid base"
"celery","celery","taste profile / spice"
"cheese","milk","processed_ingredient"
"paneer","milk","processed_ingredient"
"cheese","milk","processed_ingredient"
"chilli","chilli","taste profile / spice"
"chilli","chilli","taste profile / spice"
"cloves","cloves","taste profile / spice"
"khobra","coconut","raw_agricultural_material"
"yogurt","milk","processed_ingredient"
"iodate","mineral","fortification_agent"
"lentil","lentil","raw_agricultural_material"
"masoor","lentil","raw_agricultural_material"
"casein","milk","processed_ingredient"
"niacin","synthetic","fortification_agent"
"nutmeg","nutmeg","taste profile / spice"
"onions","onion","taste profile / spice"
"tomate","tomato","raw_agricultural_material"
"pepper","pepper","taste profile / spice"
"potato","potato","raw_agricultural_material"
"quinoa","quinoa","raw_agricultural_material"
"radish","radish","raw_agricultural_material"
"tomato","tomato","raw_agricultural_material"
"anjeer","fig","raw_agricultural_material"
"valine","synthetic","fortification_agent"
"chakka","jackfruit","raw_agricultural_material"
"chhena","milk","processed_ingredient"
"chikoo","sapodilla","raw_agricultural_material"
"chikoo","sapodilla","raw_agricultural_material"
"chirva","rice","raw_agricultural_material"
"chives","chives","taste profile / spice"
"chives","chives","taste profile / spice"
"citron","citron","flavouring agent"
"gluten","wheat","processed_ingredient"
"lutein","marigold","colour"
"lysine","synthetic","fortification_agent"
"pecans","pecan","raw_agricultural_material"
"pomelo","pomelo","flavouring agent"
"yogurt","milk","processed_ingredient"
"alm oil","palm","lipid base"
"sal fat","sal","lipid base"
"carrots","carrot","raw_agricultural_material"
"cashews","cashew","raw_agricultural_material"
"com oil","corn","lipid base"
"mangoes","mango","raw_agricultural_material"
"amchoor","mango","taste profile / spice"
"millets","millet","raw_agricultural_material"
"menthol","mint","flavouring agent"
"paprika","paprika","colour"
"raisins","grape","sweetener"
"til oil","sesame","lipid base"
"soynuts","soybean","raw_agricultural_material"
"sucrose","sugarcane","sweetener"
"jaggery","sugarcane | palm","sweetener"
"glucose","corn | tapioca","sweetener"
"vinegar","sugarcane","flavouring agent"
"almonds","almond","raw_agricultural_material"
"mandeln","almond","raw_agricultural_material"
"tumeric","turmeric","taste profile / spice"
"saffron","saffron","taste profile / spice"
"om seed","ajwain","taste profile / spice"
"aniseed","anise","taste profile / spice"
"apricot","apricot","raw_agricultural_material"
"maricha","pepper","taste profile / spice"
"milkfat","milk","lipid base"
"cow fat","beef","lipid base"
"cabbage","cabbage","raw_agricultural_material"
"chicory","chicory","taste profile / spice"
"coconut","coconut","raw_agricultural_material"
"cow fat","beef","lipid base"
"yoghurt","milk","processed_ingredient"
"dextrin","corn | tapioca","thickener"
"ins 631","tapioca | sugarcane","flavouring agent"
"amylase","aspergillus oryzae | barley","flour treatment agent"
"beeswax","beeswax","thickener"
"kalonji","nigella seed","taste profile / spice"
"lactose","milk","sweetener"
"lentils","lentil","raw_agricultural_material"
"mulethi","licorice","taste profile / spice"
"pippali","long pepper","taste profile / spice"
"menthol","mint","taste profile / spice"
"moringa","moringa","raw_agricultural_material"
"shitake","mushroom","raw_agricultural_material"
"shitaki","mushroom","raw_agricultural_material"
"mustard","mustard","taste profile / spice"
"shallot","shallot","taste profile / spice"
"oregano","oregano","taste profile / spice"
"parsley","parsley","taste profile / spice"
"soybean","soybean","raw_agricultural_material"
"spinach","spinach","raw_agricultural_material"
"anistar","star anise","taste profile / spice"
"tapioca","tapioca","raw_agricultural_material"
"taurine","synthetic","fortification_agent"
"thiamin","synthetic","fortification_agent"
"trifala","amla | haritaki | bibhitaki","NULL"
"vannila","vanilla","flavouring agent"
"vit. d2","yeast","NULL"
"alcohol","sugarcane | molasses","NULL"
"ammonia","synthetic","acidity regulator"
"lactase","yeast","flour treatment agent"
"leucine","synthetic","fortification_agent"
"catechu","acacia catechu","taste profile / spice"
"cucumis","cucumber","raw_agricultural_material"
"isabgol","psyllium","thickener"
"fox nut","fox nut","raw_agricultural_material"
"foxnuts","fox nut","raw_agricultural_material"
"gongura","gongura","raw_agricultural_material"
"isomalt","sugarcane","sweetener"
"pumpkin","pumpkin","raw_agricultural_material"
"nannari","sarsaparilla","flavouring agent"
"ins 941","synthetic","propellant"
"ins 999","quillaja saponaria","emulsifier"
"xylitol","birch","sweetener"
"yoghurt","milk","processed_ingredient"
"palm oil","palm","lipid base"
"paim oil","palm","lipid base"
"palm fat","palm","lipid base"
"sea salt","mineral","raw_agricultural_material"
"yellow 6","synthetic","colour"
"corn oil","corn","lipid base"
"costarch","corn","thickener"
"hazelnut","hazelnut","raw_agricultural_material"
"milk snf","milk","processed_ingredient"
"soy nuts","soybean","raw_agricultural_material"
"soyabean","soybean","raw_agricultural_material"
"soybeans","soybean","raw_agricultural_material"
"sharkara","sugarcane","sweetener"
"dextrose","corn | tapioca","sweetener"
"fructose","corn","sweetener"
"levulose","corn","sweetener"
"urad dal","urad dal","raw_agricultural_material"
"turmeric","turmeric","taste profile / spice"
"maltitol","corn | wheat","sweetener|bulking agent"
"cow milk","milk","raw_agricultural_material"
"raw milk","milk","raw_agricultural_material"
"cultures","lactobacillus | streptococcus","fermentation_agent"
"allspice","allspice","taste profile / spice"
"bay leaf","bay laurel","taste profile / spice"
"gram dal","chickpea","raw_agricultural_material"
"d-biotin","synthetic","fortification_agent"
"thippili","thippili","taste profile / spice"
"milk fat","milk","lipid base"
"chillies","chilli","taste profile / spice"
"cinnamon","cinnamon","taste profile / spice"
"cinnamom","cinnamon","taste profile / spice"
"cow milk","milk","raw_agricultural_material"
"cake gel","palm | soybean | sunflower","emulsifier|stabiliser"
"glycerin","palm | soybean | rapeseed","humectant"
"cardamom","cardamom","taste profile / spice"
"moongdal","mung bean","raw_agricultural_material"
"guar gum","guar","thickener"
"hibiscus","hibiscus","colour"
"inositol","corn","NULL"
"lecithin","soybean | sunflower","emulsifier"
"lycopene","tomato","colour"
"molasses","sugarcane","sweetener"
"navsadar","synthetic","raising agent"
"toor dal","pigeon pea","raw_agricultural_material"
"potatoes","potato","raw_agricultural_material"
"rosemary","rosemary","taste profile / spice"
"semolina","wheat","raw_agricultural_material"
"sesbania","sesbania","raw_agricultural_material"
"ins 420i","sorbitol","crystalline chemical"
"sulphite","mineral","preservative"
"tamarind","tamarind","flavouring agent"
"tartaric","grape","acidity regulator"
"tomatoes","tomato","raw_agricultural_material"
"vanillin","synthetic","flavouring agent"
"ro water","water","raw_agricultural_material"
"arginine","sugarcane","fortification_agent"
"betelnut","areca palm","taste profile / spice"
"cherries","cherry","raw_agricultural_material"
"chloride","mineral","NULL"
"digezyme","aspergillus oryzae","NULL"
"protease","aspergillus oryzae | bacillus subtilis","flour treatment agent"
"fox nuts","fox nut","raw_agricultural_material"
"gum base","chicle","raw_agricultural_material"
"haritaki","haritaki","taste profile / spice"
"jalapeno","jalapeno","taste profile / spice"
"khorasan","khorasan wheat","raw_agricultural_material"
"l-lysine","sugarcane","fortification_agent"
"mulberry","mulberry","raw_agricultural_material"
"nitrogen","synthetic","propellant"
"vallarai","brahmi","taste profile / spice"
"xylanase","aspergillus niger","flour treatment agent"
"palmolein","palm","lipid base"
"palmolien","palm","lipid base"
"vanaspati","palm | soybean | groundnut","lipid base"
"kalanamak","mineral","raw_agricultural_material"
"rock salt","mineral","raw_agricultural_material"
"cornflour","corn","processed_ingredient"
"hazelnuts","hazelnut","raw_agricultural_material"
"magnesium","mineral","raw_agricultural_material"
"dry mango","mango","raw_agricultural_material"
"raw mango","mango","raw_agricultural_material"
"mint oils","mint","flavouring agent"
"pistachio","pistachio","raw_agricultural_material"
"soya grit","soybean","raw_agricultural_material"
"soyabeans","soybean","raw_agricultural_material"
"soya four","soybean","raw_agricultural_material"
"khandsari","sugarcane","sweetener"
"sugarcane","sugarcane","raw_agricultural_material"
"d-glucose","corn | tapioca","sweetener"
"urid dhal","urad dal","raw_agricultural_material"
"orid dhal","urad dal","raw_agricultural_material"
"vitamin a","synthetic | fish liver oil","fortification_agent"
"flax seed","flax","raw_agricultural_material"
"oat flour","oat","raw_agricultural_material"
"asafetida","asafoetida","taste profile / spice"
"fenugreek","fenugreek","taste profile / spice"
"coriander","coriander","taste profile / spice"
"green pea","pea","raw_agricultural_material"
"skim milk","milk","raw_agricultural_material"
"algal oil","algae","lipid base"
"aspartame","synthetic","sweetener"
"bael pulp","bael","raw_agricultural_material"
"bayleaves","bay laurel","taste profile / spice"
"chana dal","chickpea","raw_agricultural_material"
"gram dhal","chickpea","raw_agricultural_material"
"gram meal","chickpea","raw_agricultural_material"
"bhringraj","bhringraj","taste profile / spice"
"black tea","tea","flavouring agent"
"butterfat","milk","lipid base"
"chickpeas","chickpea","raw_agricultural_material"
"red chili","chilli","taste profile / spice"
"clove bud","clove","taste profile / spice"
"cranberry","cranberry","raw_agricultural_material"
"vegan dha","algae","lipid base"
"egg white","egg","processed_ingredient"
"desi ghee","milk","lipid base"
"glycerine","palm | soybean | rapeseed","humectant"
"red grape","grape","raw_agricultural_material"
"moong dal","mung bean","raw_agricultural_material"
"green tea","tea","flavouring agent"
"ice cream","milk","processed_ingredient"
"dew beans","moth bean","raw_agricultural_material"
"naushadar","synthetic","raising agent"
"tree nuts","almond | cashew | walnut | pistachio","raw_agricultural_material"
"olive oil","olive","lipid base"
"toor dhal","pigeon pea","raw_agricultural_material"
"pineapple","pineapple","raw_agricultural_material"
"plum pulp","plum","raw_agricultural_material"
"potassium","mineral","raw_agricultural_material"
"rice meal","rice","raw_agricultural_material"
"rice rava","rice","raw_agricultural_material"
"rice flex","rice","raw_agricultural_material"
"idli rava","rice","raw_agricultural_material"
"staranise","star anise","taste profile / spice"
"sucralose","synthetic","sweetener"
"sulphites","mineral","preservative"
"vitamin d","lanolin | fish liver oil | synthetic","fortification_agent"
"dried fig","fig","raw_agricultural_material"
"ash gourd","ash gourd","raw_agricultural_material"
"bibhitaki","bibhitaki","raw_agricultural_material"
"buckwheat","buckwheat","raw_agricultural_material"
"catechins","tea","antioxidant"
"chlorella","chlorella","processed_ingredient"
"dry fruit","grape | date | fig | almond | cashew | pistachio","raw_agricultural_material"
"proteases","aspergillus oryzae | bacillus subtilis","fermentation_agent"
"glutamine","sugarcane","fortification_agent"
"goat meat","goat","raw_agricultural_material"
"horsegram","horsegram","raw_agricultural_material"
"idli rava","rice","raw_agricultural_material"
"jackfruit","jackfruit","raw_agricultural_material"
"jalapenos","jalapeno","taste profile / spice"
"margarine","palm | soybean | sunflower","lipid base"
"spirulina","spirulina","processed_ingredient"
"threonine","synthetic","fortification_agent"
"palm olein","palm","lipid base"
"edible oil","palm | soybean | sunflower | groundnut","lipid base"
"black salt","mineral","taste profile / spice"
"cashew nut","cashew","raw_agricultural_material"
"riboflavin","synthetic | corn","fortification_agent"
"vitamin b2","synthetic | corn","fortification_agent"
"milk cream","milk","lipid base"
"sour cream","milk","processed_ingredient"
"date paste","date","sweetener"
"date syrup","date","sweetener"
"folic acid","synthetic","fortification_agent"
"dry ginger","ginger","taste profile / spice"
"corn syrup","corn","sweetener"
"l-camitine","synthetic","fortification_agent"
"wheatflour","wheat","raw_agricultural_material"
"mango bits","mango","sweetener"
"mango pulp","mango","raw_agricultural_material"
"smp powder","milk","processed_ingredient"
"milk solid","milk","processed_ingredient"
"milksolids","milk","processed_ingredient"
"ragi flour","finger millet","raw_agricultural_material"
"dried mint","mint","taste profile / spice"
"dry pudina","mint","taste profile / spice"
"mint puree","mint","taste profile / spice"
"peppermint","peppermint","taste profile / spice"
"pistachios","pistachio","raw_agricultural_material"
"white till","sesame","raw_agricultural_material"
"sesame oil","sesame","lipid base"
"soy flakes","soybean","raw_agricultural_material"
"soya seeds","soybean","raw_agricultural_material"
"soya flour","soybean","raw_agricultural_material"
"strawberry","strawberry","raw_agricultural_material"
"cane sugar","sugarcane","sweetener"
"palm sugar","palm","sweetener"
"desi khand","sugarcane","sweetener"
"black gram","black gram","raw_agricultural_material"
"vitamins a","synthetic","fortification_agent"
"wafer cone","wheat","raw_agricultural_material"
"m.p. wheat","wheat","raw_agricultural_material"
"wheat bran","wheat","processed_ingredient"
"zinc oxide","mineral","anticaking agent"
"flax seeds","flax","raw_agricultural_material"
"badam bits","almond","raw_agricultural_material"
"oats flour","oats","raw_agricultural_material"
"curry leaf","curry leaf","taste profile / spice"
"asafoetida","asafoetida","taste profile / spice"
"ennel seed","fennel","taste profile / spice"
"green peas","green pea","raw_agricultural_material"
"toned milk","milk","raw_agricultural_material"
"sweet whey","milk","processed_ingredient"
"a2 protein","milk","processed_ingredient"
"rama tulsi","tulsi","flavouring agent"
"vana tulsi","tulsi","flavouring agent"
"bay leaves","bay laurel","taste profile / spice"
"gram flour","chickpea","raw_agricultural_material"
"split gram","chickpea","raw_agricultural_material"
"gram grits","chickpea","raw_agricultural_material"
"gram pulse","chickpea","raw_agricultural_material"
"whole gram","chickpea","raw_agricultural_material"
"black rice","black rice","raw_agricultural_material"
"brown rice","brown rice","raw_agricultural_material"
"chia seeds","chia","raw_agricultural_material"
"chick peas","chickpea","raw_agricultural_material"
"red chilli","chilli","taste profile / spice"
"red chilly","chilli","taste profile / spice"
"cocoa mass","cocoa","processed_ingredient"
"cocoa nibs","cocoa","raw_agricultural_material"
"cumin seed","cumin","taste profile / spice"
"edible gum","acacia","thickener"
"gum arabic","acacia","thickener"
"gum acacia","acacia","thickener"
"acacia gum","acacia","thickener"
"emulsifier","palm | soybean | sunflower","emulsifier"
"emulsfying","palm | soybean | sunflower","emulsifier"
"emuslifier","palm | soybean | sunflower","emulsifier"
"sodium img","synthetic","fortification_agent"
"grape pulp","grape","raw_agricultural_material"
"green gram","mung bean","raw_agricultural_material"
"mung beans","mung bean","raw_agricultural_material"
"moong bean","mung bean","raw_agricultural_material"
"guava pulp","guava","raw_agricultural_material"
"jamun pulp","java plum","raw_agricultural_material"
"papad khar","synthetic","raising agent"
"lime juice","lime","flavouring agent"
"malic acid","apple","acidity regulator"
"monk fruit","monk fruit","sweetener"
"moth flour","moth bean","raw_agricultural_material"
"niger seed","niger","raw_agricultural_material"
"nut pieces","almond | cashew | pistachio | walnut","raw_agricultural_material"
"nuts paste","almond | cashew | pistachio | walnut","raw_agricultural_material"
"palm sugar","palm","sweetener"
"peach pulp","peach","raw_agricultural_material"
"pigeon pea","pigeon pea","raw_agricultural_material"
"poppy seed","poppy","raw_agricultural_material"
"vitamin b6","synthetic","fortification_agent"
"rice flour","rice","raw_agricultural_material"
"rice grits","rice","raw_agricultural_material"
"brown rice","brown rice","raw_agricultural_material"
"black rice","black rice","raw_agricultural_material"
"white poha","rice","raw_agricultural_material"
"rice floor","rice","raw_agricultural_material"
"nylon poha","rice","raw_agricultural_material"
"rose petal","rose","flavouring agent"
"rose water","rose","flavouring agent"
"bansi rawa","wheat","raw_agricultural_material"
"idly ravva","rice","raw_agricultural_material"
"soya sauce","soybean","flavouring agent"
"star anise","star anise","taste profile / spice"
"tea leaves","tea","flavouring agent"
"vitamins d","synthetic","fortification_agent"
"vitamin d2","synthetic","fortification_agent"
"vitamin d3","synthetic","fortification_agent"
"watermelon","watermelon","raw_agricultural_material"
"aavarampoo","aavarampoo","NULL"
"l-arginine","synthetic","fortification_agent"
"barramundi","barramundi","raw_agricultural_material"
"cloudifier","palm | soybean | sunflower","emulsifier"
"sandalwood","sandalwood","taste profile / spice"
"methionine","synthetic","fortification_agent"
"eucalyptol","eucalyptus","flavouring agent"
"gellan gum","synthetic","gelling agent|stabiliser|thickener"
"goji berry","goji berry","antioxidant"
"idly ravva","rice","raw_agricultural_material"
"l-theanine","tea","NULL"
"mayonnaise","soybean | sunflower | egg","emulsifier"
"mct powder","coconut | palm kernel","lipid base"
"molybdenum","mineral","NULL"
"phosphorus","mineral","NULL"
"wheatgrass","wheatgrass","raw_agricultural_material"
"red salmon","salmon","raw_agricultural_material"
"palm kernel","palm","lipid base"
"shea butter","shea","lipid base"
"refined oil","palm | soybean | sunflower | groundnut","lipid base"
"common salt","mineral","raw_agricultural_material"
"edible salt","mineral","raw_agricultural_material"
"sodium salt","mineral","raw_agricultural_material"
"batter salt","mineral","raw_agricultural_material"
"loaded salt","mineral","raw_agricultural_material"
"smoked salt","mineral","taste profile / spice"
"carrot bits","carrot","raw_agricultural_material"
"cashew nuts","cashew","raw_agricultural_material"
"red 40 lake","synthetic","colour"
"blue 1 lake","synthetic","colour"
"blue 2 lake","synthetic","colour"
"corn starch","corn","processed_ingredient"
"date powder","date","sweetener"
"l-carnitine","synthetic","fortification_agent"
"wheat flour","wheat","raw_agricultural_material"
"mango puree","mango","raw_agricultural_material"
"dried mango","mango","raw_agricultural_material"
"mango juice","mango","sweetener"
"milk powder","milk","processed_ingredient"
"milk solids","milk","processed_ingredient"
"kodo millet","kodo millet","raw_agricultural_material"
"bajra flour","pearl millet","raw_agricultural_material"
"mint leaves","mint","taste profile / spice"
"sesame seed","sesame","lipid base"
"soya flakes","soybean","raw_agricultural_material"
"soybean oil","soybean","lipid base"
"added sugar","sugarcane","sweetener"
"brown sugar","sugarcane","sweetener"
"sugar syrup","sugarcane","sweetener"
"white sugar","sugarcane","sweetener"
"wheat cream","wheat","raw_agricultural_material"
"rolled oats","oats","raw_agricultural_material"
"baking soda","synthetic","raising agent"
"citric acid","synthetic | corn","acidity regulator"
"xanthan gum","synthetic","thickener|stabiliser"
"orange pulp","orange","raw_agricultural_material"
"glazed peel","citrus","sweetener"
"citrus pulp","citrus","raw_agricultural_material"
"fennel seed","fennel","taste profile / spice"
"dried yeast","yeast","raising agent"
"whey powder","milk","processed_ingredient"
"acetic acid","synthetic","acidity regulator"
"carom seeds","carom","taste profile / spice"
"bishop seed","carom","taste profile / spice"
"apple juice","apple","flavouring agent"
"green apple","apple","raw_agricultural_material"
"ashwagandha","ashwagandha","raw_agricultural_material"
"banana pulp","banana","raw_agricultural_material"
"cassia leaf","cassia","taste profile / spice"
"french bean","french bean","raw_agricultural_material"
"bengal gram","chickpea","raw_agricultural_material"
"split grams","chickpea","raw_agricultural_material"
"gram pulses","chickpea","raw_agricultural_material"
"black cumin","black cumin","taste profile / spice"
"blueberries","blueberry","raw_agricultural_material"
"buffalo fat","buffalo milk","lipid base"
"chicken fat","chicken","lipid base"
"green chili","chili","taste profile / spice"
"coco powder","cocoa","processed_ingredient"
"coconut fat","coconut","lipid base"
"coconut oil","coconut","lipid base"
"cranberries","cranberry","raw_agricultural_material"
"cumin seeds","cumin","taste profile / spice"
"cumin whole","cumin","taste profile / spice"
"jeera seeds","cumin","taste profile / spice"
"gum arabica","acacia tree","thickener|stabiliser"
"emulsifiers","palm | soybean | sunflower","emulsifier"
"grape juice","grape","flavouring agent"
"green apple","apple","raw_agricultural_material"
"moong beans","mung bean","raw_agricultural_material"
"guava juice","guava","flavouring agent"
"guava puree","guava","raw_agricultural_material"
"lemon juice","lemon","flavouring agent"
"red lentils","lentil","raw_agricultural_material"
"litchi pulp","litchi","raw_agricultural_material"
"long pepper","long pepper","taste profile / spice"
"lotus seeds","lotus","raw_agricultural_material"
"mace powder","mace","taste profile / spice"
"mustard oil","mustard seed","lipid base"
"nucleotides","yeast","flavouring agent"
"fried onion","onion","taste profile / spice"
"white onion","onion","raw_agricultural_material"
"pantothenol","synthetic","NULL"
"papaya pulp","papaya","raw_agricultural_material"
"pea protein","pea","processed_ingredient"
"peach juice","peach","flavouring agent"
"pomegranate","pomegranate","raw_agricultural_material"
"potato flex","potato","raw_agricultural_material"
"raspberries","raspberry","raw_agricultural_material"
"resveratrol","grape","antioxidant"
"rice powder","rice","raw_agricultural_material"
"rice flakes","rice","raw_agricultural_material"
"puffed rice","rice","raw_agricultural_material"
"sago powder","sago","processed_ingredient"
"instant tea","tea","flavouring agent"
"vitamin b12","synthetic","fortification_agent"
"amino acids","synthetic","fortification_agent"
"edible bran","rice | wheat | oat","processed_ingredient"
"citharathai","citharathai","taste profile / spice"
"l-glutamine","synthetic | corn","fortification_agent"
"sadhakuppai","sadhakuppai","taste profile / spice"
"silver leaf","mineral","colour"
"iodised salt","mineral","raw_agricultural_material"
"iodized salt","mineral","raw_agricultural_material"
"lodised salt","mineral","raw_agricultural_material"
"lodized salt","mineral","raw_agricultural_material"
"carrot puree","carrot","raw_agricultural_material"
"color red 40","synthetic","colour"
"color blue 1","synthetic","colour"
"maize starch","corn","processed_ingredient"
"dates powder","dates","sweetener"
"fresh garlic","garlic","taste profile / spice"
"dried garlic","garlic","taste profile / spice"
"garlic paste","garlic","taste profile / spice"
"fresh ginger","ginger","taste profile / spice"
"dried ginger","ginger","taste profile / spice"
"ginger paste","ginger","taste profile / spice"
"ginger whole","ginger","taste profile / spice"
"wheat powder","wheat","raw_agricultural_material"
"mango solids","mango","processed_ingredient"
"mango powder","mango","sweetener"
"samai flakes","samai","raw_agricultural_material"
"bajra flakes","bajra","raw_agricultural_material"
"bajra powder","bajra","raw_agricultural_material"
"whole jawari","sorghum","raw_agricultural_material"
"pist extract","pistachio","flavouring agent"
"sesame seeds","sesame","raw_agricultural_material"
"defatted soy","soybean","processed_ingredient"
"soyabean oil","soybean","lipid base"
"soya protein","soybean","processed_ingredient"
"added sugars","sugarcane","sweetener"
"sugar powder","sugarcane","sweetener"
"invert sugar","sugarcane","sweetener"
"invert sugar","sugarcane","sweetener"
"invert syrup","sugarcane","sweetener"
"golden syrup","sugarcane","sweetener"
"wheat flakes","wheat","raw_agricultural_material"
"malted wheat","wheat","raw_agricultural_material"
"wheat gluten","wheat","processed_ingredient"
"vital gluten","wheat","processed_ingredient"
"almond flour","almond","raw_agricultural_material"
"almond paste","almond","raw_agricultural_material"
"diphosphates","mineral","acidity regulator"
"instant oats","oats","raw_agricultural_material"
"curry leaves","curry leaf","taste profile / spice"
"kasuri methi","fenugreek","taste profile / spice"
"orange juice","orange","flavouring agent"
"orange peels","orange","flavouring agent"
"fennel seeds","fennel","taste profile / spice"
"skimmed milk","milk","raw_agricultural_material"
"buffalo milk","buffalo milk","raw_agricultural_material"
"torula yeast","yeast","fermentation_agent"
"whey protein","milk","processed_ingredient"
"acesulfame k","synthetic","sweetener"
"carrom seeds","carom","taste profile / spice"
"ajwai powder","carom","taste profile / spice"
"talc ins 553","mineral","anticaking agent"
"apricot pulp","apricot","raw_agricultural_material"
"coffee beans","coffee","flavouring agent"
"aronia berry","aronia","raw_agricultural_material"
"banana juice","banana","flavouring agent"
"banana puree","banana","raw_agricultural_material"
"barley flour","barley","raw_agricultural_material"
"tulsi leaves","tulsi","flavouring agent"
"basmati rice","rice","raw_agricultural_material"
"french beans","french bean","raw_agricultural_material"
"cluster bean","cluster bean","raw_agricultural_material"
"roasted gram","chickpea","raw_agricultural_material"
"black pepper","black pepper","taste profile / spice"
"buffalo meat","buffalo","raw_agricultural_material"
"white butter","milk","lipid base"
"butter cream","milk","lipid base"
"beurre fondu","milk","lipid base"
"malt extract","barley","sweetener"
"paneer dices","milk","processed_ingredient"
"chicken bits","chicken","raw_agricultural_material"
"chicken meat","chicken","raw_agricultural_material"
"chicory root","chicory","raw_agricultural_material"
"chili powder","chili","taste profile / spice"
"green chilli","chili","taste profile / spice"
"green chilly","chili","taste profile / spice"
"red chillies","chili","taste profile / spice"
"chili powder","chili","taste profile / spice"
"white chilli","chili","taste profile / spice"
"clove powder","clove","taste profile / spice"
"cloves whole","clove","taste profile / spice"
"whole cloves","clove","taste profile / spice"
"cocoa powder","cocoa","flavouring agent"
"cocoa solids","cocoa","flavouring agent"
"cocoa butter","cocoa","lipid base"
"cumin powder","cumin","taste profile / spice"
"jeera powder","cumin","taste profile / spice"
"ground cumin","cumin","taste profile / spice"
"cuminextract","cumin","taste profile / spice"
"electrolytes","mineral","fortification_agent"
"carnauba wax","carnauba palm","glazing agent"
"kalonji seed","kalonji","taste profile / spice"
"soy lecithin","soybean | sunflower","emulsifier"
"lemon powder","lemon","flavouring agent"
"maltodextrin","corn | tapioca","bulking agent"
"milk protein","milk","processed_ingredient"
"nicotinamide","synthetic","fortification_agent"
"onion powder","onion","taste profile / spice"
"onion flakes","onion","taste profile / spice"
"spring onion","spring onion","taste profile / spice"
"papaya puree","papaya","raw_agricultural_material"
"rapeseed oil","rapeseed","lipid base"
"basmati rice","rice","raw_agricultural_material"
"malt extract","barley","sweetener"
"roasted poha","rice","raw_agricultural_material"
"maltodextrin","corn | tapioca","bulking agent"
"stearic acid","palm | soybean","emulsifier"
"tangy tomato","tomato","taste profile / spice"
"tomato paste","tomato","raw_agricultural_material"
"white pepper","pepper","taste profile / spice"
"whole grains","wheat | rice | corn","raw_agricultural_material"
"athimathuram","licorice","taste profile / spice"
"berries pulp","berry","raw_agricultural_material"
"bhut jolokia","bhut jolokia","taste profile / spice"
"fish gelatin","fish","gelling agent"
"calcium salt","mineral","fortification_agent"
"green chives","chives","taste profile / spice"
"citrus fiber","citrus","bulking agent"
"citrus fibre","citrus","bulking agent"
"sweet potato","sweet potato","raw_agricultural_material"
"ferrous salt","mineral","fortification_agent"
"fumaric acid","synthetic","acidity regulator"
"lutein color","marigold","colour"
"l-lysine hcl","synthetic","fortification_agent"
"methocel k4m","synthetic","thickener"
"nata de coco","coconut","gelling agent"
"palm stearin","palm","lipid base"
"stone flower","lichen","taste profile / spice"
"palmolein oil","palm","lipid base"
"palmolien oil","palm","lipid base"
"vegetable fat","palm | soybean | groundnut","lipid base"
"vegetable oil","palm | soybean | sunflower | groundnut","lipid base"
"sauncharnamak","mineral","taste profile / spice"
"carrot powder","carrot","colour"
"carrot flakes","carrot","colour"
"cashew pieces","cashew","raw_agricultural_material"
"whole cashews","cashew","raw_agricultural_material"
"color ins 102","synthetic","colour"
"yellow 5 lake","synthetic","colour"
"color ins 110","synthetic","colour"
"yellow 6 lake","synthetic","colour"
"caramel color","sugarcane","colour"
"color annatto","annatto","colour"
"color ins 100","turmeric","colour"
"color ins 162","beetroot","colour"
"color ins 163","grape | berry","colour"
"color ins 171","mineral","colour"
"color ins 141","spinach | spirulina","colour"
"color ins 160","annatto | carrot","colour"
"beta-carotene","carrot","colour"
"color ins 129","synthetic","colour"
"color ins 133","synthetic","colour"
"color ins 132","synthetic","colour"
"color ins 127","synthetic","colour"
"color ins 124","synthetic","colour"
"color ins 122","synthetic","colour"
"color ins 101","riboflavin","colour"
"garlic powder","garlic","taste profile / spice"
"ginger powder","ginger","taste profile / spice"
"glucose syrup","corn | tapioca","sweetener"
"maltose syrup","corn | rice","sweetener"
"refined flour","wheat","raw_agricultural_material"
"amchur powder","mango","taste profile / spice"
"millet flakes","millet","raw_agricultural_material"
"little millet","millet","raw_agricultural_material"
"finger millet","millet","raw_agricultural_material"
"rice bran oil","rice","lipid base"
"soya granules","soybean","raw_agricultural_material"
"defatted soya","soybean","processed_ingredient"
"soya bean oil","soybean","lipid base"
"refined sugar","sugarcane","sweetener"
"coconut sugar","coconut","sweetener"
"sunflower oil","sunflower","lipid base"
"wafer biscuit","wheat","raw_agricultural_material"
"zinc sulphate","mineral","fortification_agent"
"almond pieces","almond","raw_agricultural_material"
"whole almonds","almond","raw_agricultural_material"
"orange powder","orange","taste profile / spice"
"fennel powder","fennel","taste profile / spice"
"yeast extract","yeast","flavouring agent"
"whey proteins","milk","processed_ingredient"
"whey peptides","milk","fortification_agent"
"latic culture","lactobacillus","antioxidant|preservative"
"ajwair powder","ajwain","taste profile / spice"
"bishop's seed","ajwain","taste profile / spice"
"bishop's weed","ajwain","taste profile / spice"
"apricot juice","apricot","flavouring agent"
"arabica beans","coffee","taste profile / spice"
"robusta beans","coffee","taste profile / spice"
"baking powder","synthetic","raising agent"
"banana powder","banana","processed_ingredient"
"malted barley","barley","raw_agricultural_material"
"tulsi extract","tulsi","flavouring agent"
"krishna tulsi","tulsi","taste profile / spice"
"cassia leaves","cassia","taste profile / spice"
"pepper powder","pepper","taste profile / spice"
"cellulose gum","wood pulp | cotton","thickener"
"cellulose gum","wood pulp | cotton","thickener"
"paneer cheese","milk","processed_ingredient"
"cheese powder","milk","processed_ingredient"
"chilli powder","chilli","taste profile / spice"
"chilli flakes","chilli","taste profile / spice"
"green chilies","chilli","taste profile / spice"
"mild jalapeño","jalapeño","taste profile / spice"
"yellow chilli","chilli","taste profile / spice"
"cinnamon bark","cinnamon","taste profile / spice"
"clover powder","clover","taste profile / spice"
"cloves powder","clove","taste profile / spice"
"cacao en pâte","cocoa","taste profile / spice"
"shveta jiraka","cumin","taste profile / spice"
"cumin extract","cumin","taste profile / spice"
"yogurt powder","milk","processed_ingredient"
"wheat dextrin","wheat","bulking agent"
"mineral salts","mineral","raw_agricultural_material"
"cardamom seed","cardamom","taste profile / spice"
"greengram dal","greengram","raw_agricultural_material"
"groundnut oil","groundnut","lipid base"
"blossom honey","honey","sweetener"
"alkaline salt","mineral","acidity regulator"
"soya lecithin","soybean | sunflower","emulsifier"
"black lentils","lentil","raw_agricultural_material"
"milk products","milk","raw_agricultural_material"
"dairy product","milk","raw_agricultural_material"
"rennet casein","milk","fermentation_agent"
"mineral salts","mineral","raw_agricultural_material"
"mustard seeds","mustard","taste profile / spice"
"mustard whole","mustard","taste profile / spice"
"nutmeg powder","nutmeg","taste profile / spice"
"dried oregano","oregano","taste profile / spice"
"passion fruit","passion fruit","flavouring agent"
"phenylalaline","synthetic","fortification_agent"
"potato flakes","potato","raw_agricultural_material"
"potato powder","potato","processed_ingredient"
"potato sticks","potato","raw_agricultural_material"
"pumpkin seeds","pumpkin","raw_agricultural_material"
"puffed quinoa","quinoa","raw_agricultural_material"
"rice crispies","rice","raw_agricultural_material"
"spinach paste","spinach","raw_agricultural_material"
"spinach puree","spinach","raw_agricultural_material"
"tamarind pulp","tamarind","flavouring agent"
"tartaric acid","synthetic | grape","acidity regulator"
"tomato powder","tomato","processed_ingredient"
"french tomato","tomato","raw_agricultural_material"
"treated water","water","raw_agricultural_material"
"ethyl alcohol","sugarcane | corn","solvent"
"dl methionine","synthetic","fortification_agent"
"dl-methionine","synthetic","fortification_agent"
"psyllium husk","psyllium","thickener"
"hemicellulase","aspergillus niger","flour treatment agent"
"yogurt powder","milk","processed_ingredient"
"mackerel fish","mackerel","raw_agricultural_material"
"cod liver oil","cod","lipid base"
"vegetable fats","palm | soybean | groundnut","lipid base"
"vegetable oils","palm | soybean | sunflower | groundnut","lipid base"
"grated carrots","carrot","raw_agricultural_material"
"yellow 5 color","synthetic","colour"
"yellow 6 color","synthetic","colour"
"color ins 150a","sugarcane | corn","colour"
"color ins 150c","sugarcane | corn","colour"
"color ins 150d","sugarcane | corn","colour"
"caramel powder","sugarcane","colour|sweetener"
"color ins 160b","annatto","colour"
"color ins 160c","paprika","colour|taste profile / spice"
"colour ins 100","turmeric","colour|taste profile / spice"
"color ins 163c","grape | berry","colour"
"color ins 160a","annatto | carrot","colour"
"color ins e122","synthetic","colour"
"cultured cream","milk","fermentation_agent"
"ginger extract","ginger","flavouring agent"
"liquid glucose","corn | tapioca","sweetener"
"hazelnut paste","hazelnut","raw_agricultural_material"
"haselnusspaste","hazelnut","raw_agricultural_material"
"alphonso mango","mango","raw_agricultural_material"
"foxtail millet","millet","raw_agricultural_material"
"barnyard flour","barnyard millet","raw_agricultural_material"
"pistachio nuts","pistachio","raw_agricultural_material"
"powdered sugar","sugarcane","sweetener"
"refined sugars","sugarcane","sweetener"
"jaggery powder","sugarcane","sweetener"
"glucose powder","corn | tapioca","sweetener"
"urad dal flour","black gram","raw_agricultural_material"
"udad dal flour","black gram","raw_agricultural_material"
"black gram dal","black gram","raw_agricultural_material"
"wheat crispies","wheat","raw_agricultural_material"
"zinc gluconate","synthetic","fortification_agent"
"almonds pieces","almond","raw_agricultural_material"
"acid regulator","synthetic | corn","acidity regulator"
"sodium acetate","synthetic","acidity regulator"
"coriander seed","coriander","taste profile / spice"
"orange extract","orange","flavouring agent"
"tumeric powder","turmeric","colour|taste profile / spice"
"turmeric whole","turmeric","taste profile / spice"
"snf toned milk","milk","processed_ingredient"
"active culture","lactobacillus | streptococcus","fermentation_agent"
"s thermophilus","streptococcus thermophilus","fermentation_agent"
"s.thermophilus","streptococcus thermophilus","fermentation_agent"
"aloe vera bits","aloe vera","raw_agricultural_material"
"aniseed powder","anise","taste profile / spice"
"instant coffee","coffee","flavouring agent"
"soluble coffee","coffee","flavouring agent"
"coffee extract","coffee","flavouring agent"
"chickpea flour","chickpea","raw_agricultural_material"
"split chickpea","chickpea","raw_agricultural_material"
"black cardamom","cardamom","taste profile / spice"
"brown cardamom","cardamom","taste profile / spice"
"large cardamom","cardamom","taste profile / spice"
"cooking butter","milk","lipid base"
"cereal extract","wheat | rice | corn","raw_agricultural_material"
"cottage cheese","milk","processed_ingredient"
"cheddar cheese","milk","processed_ingredient"
"paneer protein","milk","processed_ingredient"
"dry red chilli","chilli","taste profile / spice"
"green chillies","chilli","taste profile / spice"
"chilli extract","chilli","taste profile / spice"
"cinnamon whole","cinnamon","taste profile / spice"
"pasta di cacao","cocoa","raw_agricultural_material"
"coconut powder","coconut","processed_ingredient"
"grated coconut","coconut","raw_agricultural_material"
"condensed milk","milk","processed_ingredient"
"cottonseed oil","cottonseed","lipid base"
"cranberry pulp","cranberry","raw_agricultural_material"
"cucumber seeds","cucumber","raw_agricultural_material"
"yoghurt powder","milk","processed_ingredient"
"cyanocobalamin","synthetic","fortification_agent"
"dairy whitener","milk","processed_ingredient"
"ergocalciferol","synthetic","fortification_agent"
"flour improver","synthetic","flour treatment agent"
"green cardamom","cardamom","taste profile / spice"
"cardamom whole","cardamom","taste profile / spice"
"small cardamom","cardamom","taste profile / spice"
"moon dal flour","green gram","raw_agricultural_material"
"lentil protein","lentil","processed_ingredient"
"moth dal flour","moth bean","raw_agricultural_material"
"mustard leaves","mustard","taste profile / spice"
"organic nutmeg","nutmeg","taste profile / spice"
"parsley leaves","parsley","taste profile / spice"
"sherwan pepper","pepper","taste profile / spice"
"split red gram","pigeon pea","raw_agricultural_material"
"red gram split","pigeon pea","raw_agricultural_material"
"redgram splits","pigeon pea","raw_agricultural_material"
"pineapple pulp","pineapple","raw_agricultural_material"
"wheat semolina","wheat","raw_agricultural_material"
"sodium citrate","synthetic | corn","acidity regulator"
"sorbitol syrup","corn","humectant"
"spinach powder","spinach","processed_ingredient"
"tapioca starch","tapioca","processed_ingredient"
"vanila extract","vanilla","flavouring agent"
"vanilleschoten","vanilla","taste profile / spice"
"filtered water","water","raw_agricultural_material"
"resultant atta","wheat","raw_agricultural_material"
"l-arginine hcl","synthetic","fortification_agent"
"basa pangasius","fish","raw_agricultural_material"
"bovine gelatin","beef","gelling agent"
"datem ins 472e","palm | soybean | sunflower","emulsifier"
"dried bok choy","bok choy","raw_agricultural_material"
"hadjod extract","hadjod","raw_agricultural_material"
"jackfruit pulp","jackfruit","raw_agricultural_material"
"yellow pumpkin","pumpkin","raw_agricultural_material"
"color ins 161g","marigold","colour"
"macaroni pasta","wheat","raw_agricultural_material"
"walnut inshell","walnut","raw_agricultural_material"
"water caltrope","water caltrop","raw_agricultural_material"
"yoghurt powder","milk","processed_ingredient"
"palm kernel oil","palm","lipid base"
"palm kernel fat","palm","lipid base"
"palm superolein","palm","lipid base"
"sodium chloride","mineral","raw_agricultural_material"
"color ins 100 i","turmeric","colour"
"allura red lake","synthetic","colour"
"modified starch","corn | tapioca | potato","thickener"
"hazelnut pieces","hazelnut","raw_agricultural_material"
"magnesium oxide","mineral","fortification_agent"
"vollmilchpulver","milk","processed_ingredient"
"full cream milk","milk","raw_agricultural_material"
"mint flavouring","mint","flavouring agent"
"sodium selenite","mineral","NULL"
"sodium selenate","mineral","NULL"
"sweetener 960 a","stevia","sweetener"
"strawberry pulp","strawberry","raw_agricultural_material"
"sprinkled sugar","sugarcane","sweetener"
"sugarcane juice","sugarcane","sweetener"
"fructose powder","sugarcane | corn","sweetener"
"retinyl acetate","synthetic | fish liver oil","NULL"
"roasted almonds","almond","raw_agricultural_material"
"fenugreek seeds","fenugreek","taste profile / spice"
"coriander seeds","coriander","taste profile / spice"
"coriander whole","coriander","taste profile / spice"
"coriander puree","coriander","taste profile / spice"
"turmeric powder","turmeric","taste profile / spice"
"turmeris powder","turmeric","taste profile / spice"
"saffron threads","saffron","taste profile / spice"
"dehydrated peas","peas","raw_agricultural_material"
"a2 cow milk fat","milk","lipid base"
"aloe vera juice","aloe vera","humectant"
"silicon dioxide","mineral","anticaking agent"
"apricot kernels","apricot","raw_agricultural_material"
"bengal gram dal","bengal gram","raw_agricultural_material"
"chickpeas flour","chickpea","raw_agricultural_material"
"assam black tea","tea plant","flavouring agent"
"kashmiri chilli","chilli","taste profile / spice"
"red chilli bits","chilli","taste profile / spice"
"cholecalciferol","fish liver oil | synthetic","fortification_agent"
"cinnamon leaves","cinnamon","taste profile / spice"
"cinnamon powder","cinnamon","taste profile / spice"
"copper sulphate","mineral","NULL"
"cupric sulphate","mineral","NULL"
"emulsifier pgpr","castor bean","emulsifier"
"enzyme ins 1100","synthetic","enzyme"
"improver enzyme","synthetic","flour treatment agent"
"cardamom powder","cardamom","taste profile / spice"
"split moong dal","mung bean","raw_agricultural_material"
"split mung bean","mung bean","raw_agricultural_material"
"moong dal flour","mung bean","raw_agricultural_material"
"hyaluronic acid","synthetic","humectant"
"carrier lactose","milk","carrier"
"lime flavouring","lime","flavouring agent"
"milk components","milk","raw_agricultural_material"
"milk flavouring","milk","flavouring agent"
"micellar casein","milk","processed_ingredient"
"moringa extract","moringa","NULL"
"moth bean flour","moth bean","raw_agricultural_material"
"dew beans flour","dew bean","raw_agricultural_material"
"husked dew gram","dew bean","raw_agricultural_material"
"oyster mushroom","mushroom","raw_agricultural_material"
"schezwan pepper","schezwan pepper","taste profile / spice"
"pineapple juice","pineapple","flavouring agent"
"anardana powder","pomegranate","taste profile / spice"
"mineral ins 224","mineral","preservative"
"mineral ins 202","mineral","preservative"
"red rice flakes","red rice","raw_agricultural_material"
"rose flavouring","rose","flavouring agent"
"roasted seaweed","seaweed","taste profile / spice"
"silicon dioxide","mineral","anticaking agent"
"sodium benzoate","synthetic","preservative"
"stinging nettle","stinging nettle","raw_agricultural_material"
"sunflower seeds","sunflower","raw_agricultural_material"
"tamarind powder","tamarind","taste profile / spice"
"triphala powder","amla | bibhitaki | haritaki","taste profile / spice"
"vanilla extract","vanilla","flavouring agent"
"distilled water","water","NULL"
"sparkling water","water","NULL"
"gelatin ins 428","pork | beef | fish","gelling agent"
"buckwheat flour","buckwheat","raw_agricultural_material"
"enzyme ins 1104","synthetic","enzyme"
"protease enzyme","synthetic","enzyme"
"psyllium powder","psyllium","thickener"
"guduchi extract","guduchi","NULL"
"phosphoric acid","mineral","acidity regulator"
"precooked pasta","wheat","processed_ingredient"
"salmon fish oil","salmon","lipid base"
"refined palm oil","palm","lipid base"
"fractionated fat","palm","lipid base"
"caramel ins 150c","sugarcane","colour"
"annatto ins 160b","annatto","colour"
"annatto extracts","annatto","colour"
"paprika extracts","paprika","colour"
"curcumin ins 100","turmeric","colour"
"beet red ins 162","beetroot","colour"
"titanium dioxide","mineral","colour"
"artificial color","synthetic","colour"
"wet dates zahldi","date","sweetener"
"nocciole turchia","hazelnut","raw_agricultural_material"
"magnesium malate","synthetic | apple","acidity regulator"
"fine wheat flour","wheat","raw_agricultural_material"
"wheat flour iron","wheat","raw_agricultural_material"
"dry mango powder","mango","taste profile / spice"
"mango flavouring","mango","flavouring agent"
"dried whole milk","milk","processed_ingredient"
"magermilchpulver","milk","processed_ingredient"
"mint leaf powder","mint","taste profile / spice"
"pistachio pieces","pistachio","raw_agricultural_material"
"pista flavouring","pistachio","flavouring agent"
"refined soya oil","soybean","lipid base"
"strawberry fruit","strawberry","raw_agricultural_material"
"strawberry puree","strawberry","raw_agricultural_material"
"strawberry juice","strawberry","flavouring agent"
"granulated sugar","sugarcane","sweetener"
"split black gram","black gram","raw_agricultural_material"
"sunflower gluten","sunflower","processed_ingredient"
"flax seed powder","flax","processed_ingredient"
"badam flavouring","almond","flavouring agent"
"fenugreek leaves","fenugreek","taste profile / spice"
"fenugreek powder","fenugreek","taste profile / spice"
"coriander powder","coriander","taste profile / spice"
"coriander leaves","coriander","taste profile / spice"
"coniander powder","coriander","taste profile / spice"
"kesar flavouring","saffron","flavouring agent"
"calcium silicate","mineral","anticaking agent"
"apple flavouring","apple","flavouring agent"
"arrowroot powder","arrowroot","processed_ingredient"
"chick peas flour","chickpea","raw_agricultural_material"
"split chick peas","chickpea","raw_agricultural_material"
"black tea leaves","tea","flavouring agent"
"assam tea leaves","tea","flavouring agent"
"butter from milk","milk","lipid base"
"microbial rennet","synthetic","fermentation_agent"
"pasteurized milk","milk","raw_agricultural_material"
"processed cheese","milk","processed_ingredient"
"red chili powder","chili","taste profile / spice"
"red chilli whole","chili","taste profile / spice"
"choline chloride","synthetic","NULL"
"diluent ins 1520","synthetic","carrier"
"egg white powder","egg","processed_ingredient"
"ferrous sulphate","mineral","antioxidant"
"clarified butter","milk","lipid base"
"split green gram","green gram","raw_agricultural_material"
"green tea leaves","tea","flavouring agent"
"guava flavouring","guava","flavouring agent"
"honey flavouring","honey","flavouring agent"
"jamun flavouring","jamun","flavouring agent"
"kewra flavouring","kewra","flavouring agent"
"lactobilus casei","milk","NULL"
"lemon flavouring","lemon","flavouring agent"
"dairy flavouring","milk","flavouring agent"
"onion flavouring","onion","flavouring agent"
"dehydrated onion","onion","flavouring agent"
"pantothenic acid","synthetic | corn","NULL"
"potassium iodate","mineral","antioxidant"
"potassium iodide","mineral","antioxidant"
"gulab flavouring","rose","flavouring agent"
"rosemary extract","rosemary","flavouring agent"
"sodium molybdate","mineral","antioxidant"
"soy sauce powder","soybean | wheat","taste profile / spice"
"star anise seeds","star anise","taste profile / spice"
"watermelon seeds","watermelon","raw_agricultural_material"
"blackberry puree","blackberry","raw_agricultural_material"
"sodium caseinate","milk","processed_ingredient"
"cultured glucose","corn | tapioca","sweetener"
"improver ins 472","palm | soybean | sunflower","emulsifier"
"gajar flavouring","carrot","flavouring agent"
"microbial enzyme","synthetic","fermentation_agent"
"ferrous fumarate","mineral","fortification_agent"
"glucuronolactone","synthetic | corn","NULL"
"quillaja extract","quillaja","foaming agent"
"sourdough powder","wheat","processed_ingredient"
"sardine fish oil","sardine","lipid base"
"refined palmolein","palm","lipid base"
"bakery shortening","palm | soybean | groundnut","lipid base"
"hydrogenated oils","palm | soybean | groundnut","lipid base"
"sauvarchalalavana","mineral","taste profile / spice"
"dehydrated carrot","carrot","raw_agricultural_material"
"carrot flavouring","carrot","flavouring agent"
"color ins 160b ii","annatto","colour"
"chlorophyll color","green leaves","colour"
"color ins 160a ii","carrot","colour"
"allura red ac 129","synthetic","colour"
"color fd&c red 40","synthetic","colour"
"color blue 1 lake","synthetic","colour"
"color blue 2 lake","synthetic","colour"
"artificial colors","synthetic","colour"
"dehydrated garlic","garlic","taste profile / spice"
"garlic flavouring","garlic","flavouring agent"
"corn syrup solids","corn","sweetener|bulking agent"
"candy sugar syrup","sugarcane","sweetener"
"pasta di nocciole","hazelnut","raw_agricultural_material"
"purée de noisette","hazelnut","raw_agricultural_material"
"roasted hazelnuts","hazelnut","taste profile / spice"
"haselnüsse türkei","hazelnut","raw_agricultural_material"
"noisettes turquie","hazelnut","raw_agricultural_material"
"magnesium sulfate","mineral","firming agent"
"magnesium taurate","mineral","firming agent"
"whole milk powder","milk","processed_ingredient"
"camel milk powder","camel milk","processed_ingredient"
"standardised milk","milk","raw_agricultural_material"
"pudina flavouring","mint","flavouring agent"
"soya bean extract","soybean","raw_agricultural_material"
"steviol glycoside","stevia","sweetener"
"sweetener ins 960","stevia","sweetener"
"strawberry powder","strawberry","flavouring agent"
"candy sugar syrup","sugarcane","sweetener"
"husked black gram","black gram","raw_agricultural_material"
"distilled vinegar","sugarcane","acidity regulator"
"synthetic vinegar","synthetic","acidity regulator"
"vitamin a acetate","synthetic","fortification_agent"
"retinyl palmitate","palm","NULL"
"flax seed extract","flax","raw_agricultural_material"
"almond flavouring","almond","flavouring agent"
"acidity regulator","synthetic | mineral","acidity regulator"
"coagulant ins 575","corn","coagulant"
"calcium phosphate","mineral","firming agent"
"humectant ins 451","synthetic","humectant"
"humectant ins 452","synthetic","humectant"
"sodium phosphates","mineral","acidity regulator|emulsifier|sequestrant"
"calcium carbonate","mineral","anticaking agent|colour"
"asafoetida powder","asafoetida","taste profile / spice"
"stabilizer ns 415","corn","stabiliser"
"thickener ins 415","corn","thickener"
"coriander extract","coriander","taste profile / spice"
"citrus pulp cells","citrus","raw_agricultural_material"
"orange pulp cells","orange","raw_agricultural_material"
"orange flavouring","orange","flavouring agent"
"turmeric extracts","turmeric","colour"
"double toned milk","milk","raw_agricultural_material"
"standardised milk","milk","raw_agricultural_material"
"standardized milk","milk","raw_agricultural_material"
"sweetener ins 950","synthetic","sweetener"
"antifoaming agent","synthetic","antifoaming agent"
"anticaking agents","mineral","anticaking agent"
"coffee flavouring","coffee","flavouring agent"
"dry cassia leaves","cassia","taste profile / spice"
"bengal gram flour","bengal gram","raw_agricultural_material"
"bengal gram grits","bengal gram","raw_agricultural_material"
"split bengal gram","bengal gram","raw_agricultural_material"
"black pepper bits","black pepper","taste profile / spice"
"thickener ins 466","wood pulp | cotton","thickener"
"red chilli flakes","red chilli","taste profile / spice"
"red chilli powder","red chilli","taste profile / spice"
"red chilly flakes","red chilli","taste profile / spice"
"red chilly powder","red chilli","taste profile / spice"
"chromium chloride","mineral","NULL"
"citrus pulp cells","citrus","raw_agricultural_material"
"orange pulp cells","orange","raw_agricultural_material"
"candied cranberry","cranberry","sweetener"
"thickener ins 414","acacia tree","thickener"
"cake gel ins 470a","palm | soybean | sunflower","emulsifier"
"thickener ins 508","mineral","thickener"
"improver ins 1100","aspergillus oryzae","flour treatment agent"
"improver ins 1102","aspergillus niger","flour treatment agent"
"improver ins 1104","aspergillus oryzae","flour treatment agent"
"humectant ins 422","palm | soybean | sunflower","humectant"
"green gram flakes","green gram","raw_agricultural_material"
"husked green gram","green gram","raw_agricultural_material"
"whole green moong","green gram","raw_agricultural_material"
"moong dal protein","green gram","processed_ingredient"
"green tea extract","green tea","flavouring agent"
"thickener ins 412","guar bean","thickener|stabiliser"
"electrolytic iron","mineral","fortification_agent"
"dehydrated kachri","kachri","taste profile / spice"
"soyabean lecithin","soybean","emulsifier"
"litchi flavouring","litchi","flavouring agent"
"acidulant ins 296","synthetic","acidity regulator"
"corn maltodextrin","corn","bulking agent"
"manganese citrate","mineral","fortification_agent"
"origanum majorana","marjoram","taste profile / spice"
"thickener ins 440","apple | citrus","thickener|stabiliser"
"stabilizer pectin","apple | citrus","stabiliser|thickener|gelling agent"
"pomegranate juice","pomegranate","flavouring agent"
"pomegranate seeds","pomegranate","raw_agricultural_material"
"potassium sorbate","synthetic","preservative"
"star anise powder","star anise","taste profile / spice"
"sweetener ins 955","synthetic","sweetener"
"vegetable protein","soybean | groundnut | pea","processed_ingredient"
"vitamin b complex","synthetic","fortification_agent"
"ro-purified water","water","raw_agricultural_material"
"whole wheat flour","wheat","raw_agricultural_material"
"whole wheat flour","wheat","raw_agricultural_material"
"black truffle oil","truffle","lipid base"
"calcium caseinate","milk","processed_ingredient"
"cantaloupe powder","cantaloupe","flavouring agent"
"ferrous gluconate","mineral","fortification_agent"
"trans fatty acids","palm | soybean | groundnut","lipid base"
"pueraria tuberosa","pueraria tuberosa","raw_agricultural_material"
"pullulan ins 1204","aureobasidium pullulans","thickener|stabiliser|gelling agent"
"red currant dices","red currant","raw_agricultural_material"
"red currant puree","red currant","raw_agricultural_material"
"sunflower creamer","sunflower","emulsifier"
"thaumatin ins 957","thaumatococcus daniellii","sweetener"
"wheatgrass powder","wheatgrass","processed_ingredient"
"improver xylanase","trichoderma reesei","flour treatment agent"
"sauvarchala lavana","mineral","taste profile / spice"
"common edible salt","mineral","raw_agricultural_material"
"edible common salt","mineral","raw_agricultural_material"
"color ins 160a iii","carrot","colour"
"edible maze starch","corn","processed_ingredient"
"thickener ins 1422","corn | tapioca","thickener"
"thickener ins 1405","tapioca","thickener"
"thickener ins 1412","corn","thickener"
"thickener ins 1442","corn | tapioca","thickener"
"thickener ins 1401","corn | potato","thickener"
"thickener ins 1440","corn | tapioca","thickener"
"sweet cream powder","milk","processed_ingredient"
"high maltose syrup","corn | tapioca","sweetener"
"salts of magnesium","mineral","fortification_agent"
"magnesium stearate","mineral | palm","anticaking agent"
"magnesium sulphate","mineral","fortification_agent"
"magnesium chloride","mineral","firming agent"
"dried mango powder","mango","taste profile / spice"
"mango fruit powder","mango","taste profile / spice"
"mango juice powder","mango","flavouring agent"
"dried mango slices","mango","taste profile / spice"
"dried skimmed milk","milk","processed_ingredient"
"whole grain saamai","saamai","raw_agricultural_material"
"sweetener ins 960a","stevia","sweetener"
"sweetener ins e960","stevia","sweetener"
"dextrose anhydrous","corn | tapioca","sweetener"
"invert sugar syrup","sugarcane","sweetener"
"split black lentil","lentil","raw_agricultural_material"
"sushi rice vinegar","rice","flavouring agent"
"acidity regulators","synthetic | corn","acidity regulator"
"stabilizer ins 450","synthetic","stabiliser"
"texturizer ins 451","synthetic","stabiliser"
"emulsifier ins 452","synthetic","emulsifier"
"stabilizer ins 452","synthetic","stabiliser"
"stabilizer ins 339","mineral","stabiliser"
"stabilizer ins 340","mineral","stabiliser"
"raising agents 341","mineral","raising agent"
"stabilizer ins 341","mineral","stabiliser"
"stabilizer ins 170","mineral","stabiliser"
"sodium bicarbonate","synthetic","raising agent"
"citric acid powder","synthetic | corn","acidity regulator"
"emulsifier ins 415","synthetic","emulsifier"
"stabilizer ins 415","synthetic","stabiliser"
"dhaniya distillate","coriander","flavouring agent"
"orange peel powder","orange","taste profile / spice"
"saffron flavouring","saffron","flavouring agent"
"maltitol ins 965 i","corn | wheat","sweetener|bulking agent"
"proteins from whey","milk","processed_ingredient"
"whole ajwain seeds","ajwain","taste profile / spice"
"carom seeds powder","ajwain","taste profile / spice"
"emulsifier ins 442","rapeseed | soybean","emulsifier"
"krishna tulsi leaf","tulsi","taste profile / spice"
"tulsi leaf extract","tulsi","flavouring agent"
"sella basmati rice","rice","raw_agricultural_material"
"white basmati rice","rice","raw_agricultural_material"
"roasted split gram","chickpea","raw_agricultural_material"
"black pepper whole","black pepper","taste profile / spice"
"dried blackcurrant","blackcurrant","sweetener"
"clarified milk fat","milk","lipid base"
"stabilizer ins 466","wood pulp | cotton","stabiliser"
"stabilizer ins 460","wood pulp","stabiliser"
"green chilli paste","green chilli","taste profile / spice"
"green chilli puree","green chilli","taste profile / spice"
"kashmiri lal mirch","chilli","taste profile / spice"
"dried green chilli","green chilli","taste profile / spice"
"coconut components","coconut","raw_agricultural_material"
"desiccated coconut","coconut","raw_agricultural_material"
"cumin seeds powder","cumin","taste profile / spice"
"disodium guanylate","synthetic","flavouring agent"
"flavouring ins 627","synthetic","flavouring agent"
"disodium inosinate","synthetic","flavouring agent"
"flavouring ins 631","synthetic","flavouring agent"
"acacia gum ins 414","acacia","stabiliser"
"emulsifier ins 414","acacia","emulsifier"
"stabilizer ins 414","acacia","stabiliser"
"emulsifier ins 400","synthetic","emulsifier"
"emulsifier ins 429","soybean | sunflower","emulsifier"
"emulsifier ins 436","synthetic","emulsifier"
"emulsifier ins 478","palm | soybean | sunflower","emulsifier"
"emulsifier ins 479","palm | soybean | sunflower","emulsifier"
"emulsifier ins 481","synthetic","emulsifier"
"stabilizer ins 400","synthetic","stabiliser"
"stabilizer ins 436","synthetic","stabiliser"
"stabilizer ins 481","synthetic","stabiliser"
"emulsifier ins 491","sorbitol | palm","emulsifier"
"stabilizer ins 491","sorbitol | palm","stabiliser"
"emulsifier ins 433","synthetic","emulsifier"
"stabilizer ins 433","synthetic","stabiliser"
"emulsifier ins 475","palm | soybean | sunflower","emulsifier"
"stabilizer ins 475","palm | soybean | sunflower","stabiliser"
"emulsifier ins 476","castor bean","emulsifier"
"emulsifier ins 477","palm | soybean | sunflower","emulsifier"
"stabilizer ins 477","palm | soybean | sunflower","stabiliser"
"emulsifier ins 492","sorbitol | palm","emulsifier"
"stabilizer ins 508","mineral","stabiliser"
"potassium chloride","mineral","fortification_agent"
"stabilizer ins 516","mineral","stabiliser"
"milk fat desi ghee","milk","lipid base"
"humectant glycerol","palm | soybean | sunflower","humectant"
"emulsifier ins 445","pine resin","emulsifier"
"stabilizer ins 445","pine resin","stabiliser"
"grape seed extract","grape","NULL"
"elaichi flavouring","cardamom","flavouring agent"
"green chilka moong","mung bean","raw_agricultural_material"
"stabilizer ins 412","guar bean","stabiliser"
"khar alkaline salt","mineral","raw_agricultural_material"
"sunflower lecithin","sunflower","emulsifier"
"emulsifier ins 322","soybean | sunflower","emulsifier"
"stabilizer ins 322","soybean | sunflower","stabiliser"
"lemon juice powder","lemon","flavouring agent"
"lemon fruit powder","lemon","flavouring agent"
"long pepper powder","long pepper","taste profile / spice"
"malic acid ins 296","apple","acidity regulator"
"wheat maltodextrin","wheat","bulking agent"
"manganese sulphate","mineral","NULL"
"milk solids casein","milk","processed_ingredient"
"monk fruit extract","monk fruit","sweetener"
"emulsifier ins 471","palm | soybean | sunflower","emulsifier"
"stabilizer ins 471","palm | soybean | sunflower","stabiliser"
"dehydrated parsley","parsley","taste profile / spice"
"emulsifier ins 440","apple | citrus","emulsifier"
"stabilizer ins 440","apple | citrus","stabiliser"
"stabilizer ins 435","synthetic","stabiliser"
"pomegranate powder","pomegranate","colour"
"pomegranate flower","pomegranate","taste profile / spice"
"bacillus coagulans","synthetic","NULL"
"flattened red rice","rice","raw_agricultural_material"
"safflower seed oil","safflower","lipid base"
"stabilizer ins 401","seaweed","stabiliser"
"stabilizer ins 331","synthetic","stabiliser"
"emulsifier ins 420","corn | tapioca","emulsifier"
"dehydrated spinach","spinach","raw_agricultural_material"
"stabilizer ins 444","synthetic","stabiliser"
"stabilizer ins 417","tara tree","stabiliser"
"stabilizer ins 337","synthetic","stabiliser"
"vanilla flavouring","vanilla","flavouring agent"
"bacche di vaniglia","vanilla","taste profile / spice"
"gousses de vanille","vanilla","taste profile / spice"
"vanilla flavouring","vanilla","flavouring agent"
"vamilla flavouring","vanilla","flavouring agent"
"ammonium hydroxide","synthetic","acidity regulator"
"basa pangasius sp.","basa","raw_agricultural_material"
"custard flavouring","synthetic","flavouring agent"
"stabilizer ins 472","palm | soybean | sunflower","emulsifier|stabiliser"
"khus roots extract","khus","flavouring agent"
"distillate of khas","khas","flavouring agent"
"distillate of khus","khus","flavouring agent"
"stabilizer ins 418","synthetic","stabiliser"
"stabilizer ins 406","seaweed","stabiliser|gelling agent"
"glutamine peptides","synthetic","fortification_agent"
"munakka flavouring","munakka","flavouring agent"
"munakka distillate","munakka","flavouring agent"
"propellant ins 941","synthetic","propellant"
"tulsi leaf extract","tulsi","flavouring agent"
"cod liver fish oil","cod","lipid base"
"vegetable fats shea","shea","lipid base"
"himalayan pink salt","mineral","raw_agricultural_material"
"food color ins 150d","sugarcane","colour"
"annatto ins 160b ii","annatto","colour"
"vitamins vitamin b2","synthetic","fortification_agent"
"stabilizer ins 1422","tapioca","stabiliser"
"emulsifier ins 1450","corn | tapioca","emulsifier|stabiliser"
"stabilizer ins 1450","corn | tapioca","emulsifier|stabiliser"
"stabilizer ins 1400","corn","stabiliser"
"stabilizer ins 1404","tapioca","stabiliser"
"tropical flavouring","synthetic","flavouring agent"
"organic ginger root","ginger","taste profile / spice"
"dried ginger powder","ginger","taste profile / spice"
"dried glucose syrup","corn | tapioca","sweetener|bulking agent"
"hazelnut flavouring","hazelnut","flavouring agent"
"magnesium aspartate","mineral","fortification_agent"
"magnesium carbonate","mineral","fortification_agent"
"magnesium gluconate","mineral","fortification_agent"
"magnesium hydroxide","mineral","fortification_agent"
"magnesium threonate","mineral","fortification_agent"
"refined wheat flour","wheat","raw_agricultural_material"
"alphonso mango pulp","mango","raw_agricultural_material"
"skimmed milk powder","milk","processed_ingredient"
"coconut milk powder","coconut","processed_ingredient"
"defatted soya flour","soybean","raw_agricultural_material"
"soya flour defatted","soybean","raw_agricultural_material"
"soy protein isolate","soybean","processed_ingredient"
"rawberry flavouring","synthetic","flavouring agent"
"sunflower fruit oil","sunflower","lipid base"
"vitamin a palmitate","palm","fortification_agent"
"vital wheat protein","wheat","processed_ingredient"
"aregulators ins 341","mineral","acidity regulator"
"humectant ins 451 i","mineral","humectant"
"sequestrant ins 451","mineral","sequestrant"
"sequestrant ins 452","mineral","sequestrant"
"potassium carbonate","mineral","acidity regulator"
"magnesium carbonate","mineral","anticaking agent"
"antioxidant ins 330","synthetic | corn","antioxidant|preservative"
"organic fennel seed","fennel","taste profile / spice"
"partly skimmed milk","milk","raw_agricultural_material"
"acetic acid ins 260","synthetic","acidity regulator"
"malted barley flour","barley","raw_agricultural_material"
"basmati rice grains","rice","raw_agricultural_material"
"cluster bean powder","cluster bean","thickener"
"big cardamom powder","cardamom","taste profile / spice"
"black pepper powder","black pepper","taste profile / spice"
"butterscotch pieces","milk | sugarcane","sweetener|flavouring agent"
"cauliflower florets","cauliflower","raw_agricultural_material"
"malt extract solids","barley","sweetener"
"green chilli flakes","chilli","taste profile / spice"
"roasted cumin seeds","cumin","taste profile / spice"
"emulsifier ins 4806","palm | soybean | sunflower","emulsifier"
"stabilizer ins 4806","palm | soybean | sunflower","stabiliser"
"stabilizer ins 1202","synthetic","stabiliser"
"emulsifier tween 80","palm | soybean | sunflower","emulsifier"
"confectioners glaze","lac beetle","glazing agent"
"cardamom flavouring","cardamom","flavouring agent"
"stabilizer guar gum","guar","stabiliser|thickener"
"emulsifier lecithin","soybean | sunflower","emulsifier"
"sunflower lecithins","sunflower","emulsifier"
"candied lemon peels","lemon","sweetener"
"whole dew bean moth","moth bean","raw_agricultural_material"
"parsley leaf powder","parsley","taste profile / spice"
"pea protein isolate","pea","processed_ingredient"
"stabilizer ins e440","apple | citrus","stabiliser|thickener"
"sichuan pepper corn","sichuan peppercorn","taste profile / spice"
"stabilizer ins 1201","synthetic","stabiliser"
"flattened rice poha","rice","raw_agricultural_material"
"rosemary flavouring","rosemary","flavouring agent"
"sequestrant ins 385","synthetic","sequestrant"
"antioxidant ins 386","synthetic","antioxidant"
"stabilizer tara gum","tara tree","stabiliser|thickener"
"vanillin flavouring","synthetic","flavouring agent"
"white pepper powder","white peppercorn","taste profile / spice"
"asparagus recemosus","asparagus recemosus","raw_agricultural_material"
"sweet potato starch","sweet potato","processed_ingredient"
"emulsifier ins 4726","palm | soybean | sunflower","emulsifier"
"emulsifier ins 472b","palm | soybean | sunflower","emulsifier"
"emulsifier ins 472c","palm | soybean | sunflower","emulsifier"
"dioscores bulbifera","dioscorea bulbifera","raw_agricultural_material"
"distillate of gajar","carrot","flavouring agent"
"distillate of kasni","kasni","flavouring agent"
"stabilizer ins 1102","synthetic","stabiliser"
"stabilizer ins 1505","synthetic","stabiliser"
"stabilizer ins 1204","synthetic","stabiliser"
"vegetable shortening","palm | soybean | groundnut","lipid base"
"edible vegetable fat","palm | soybean | sunflower | groundnut","lipid base"
"edible vegetable oil","palm | soybean | sunflower | groundnut","lipid base"
"edible vegeteble oil","palm | soybean | sunflower | groundnut","lipid base"
"raw mango flavouring","mango","flavouring agent"
"milkotin milk solids","milk","processed_ingredient"
"foxtail millet flour","foxtail millet","raw_agricultural_material"
"sorghum millet flour","sorghum","raw_agricultural_material"
"pistachio flavouring","pistachio","flavouring agent"
"refined ricebran oil","rice","lipid base"
"refined soyabean oil","soybean","lipid base"
"soya protein isolate","soybean","processed_ingredient"
"inverter sugar syrup","sugarcane","sweetener"
"rising agent ins 575","corn | tapioca","raising agent"
"texturizer ins 451 i","synthetic","texturizer"
"sodium polyphosphate","mineral","sequestrant"
"emulsifier ins 452 i","mineral","emulsifier"
"stabilizer ins 452 i","mineral","stabiliser"
"potassium phosphates","mineral","acidity regulator"
"preservative ins 341","mineral","preservative"
"ammonium bicarbonate","synthetic","raising agent"
"rising agent ins 503","synthetic","raising agent"
"potassium carbonates","mineral","acidity regulator"
"stabilizer ins 170 i","mineral","stabiliser"
"compounded asafetida","asafoetida | wheat","taste profile / spice"
"yeast extract powder","yeast","flavouring agent"
"petit-lait en poudre","milk","processed_ingredient"
"acesulfame potassium","synthetic","sweetener"
"dahi starter culture","milk","fermentation_agent"
"lactic acid ferments","synthetic","preservative"
"enzyme alpha amylase","aspergillus oryzae | barley","flour treatment agent"
"coffee beans arabica","coffee","flavouring agent"
"coffee beans robusta","coffee","flavouring agent"
"chickpea flour besan","chickpea","raw_agricultural_material"
"large cardamom whole","cardamom","taste profile / spice"
"blueberry flavouring","blueberry","flavouring agent"
"emulsifier ins 460 i","wood","emulsifier"
"stabilizer ins 460 i","wood","stabiliser"
"cottage cheese chena","milk","processed_ingredient"
"chocolate flavouring","cocoa","flavouring agent"
"cranberry flavouring","cranberry","flavouring agent"
"roasted cumin powder","cumin","taste profile / spice"
"thickener acacia gum","acacia","thickener|stabiliser"
"sorbitan tristearate","palm | soybean | sunflower","emulsifier"
"ferric pyrophosphate","mineral","antioxidant"
"monosodium glutamate","synthetic | sugarcane | corn","taste profile / spice"
"confectioner's glaze","lac beetle","coating agent"
"pharmaceutical glaze","lac beetle","coating agent"
"split chickpea flour","chickpea","raw_agricultural_material"
"green tea flavouring","green tea","flavouring agent"
"emulsifier lecithins","soybean | sunflower","emulsifier"
"split yellow lentils","lentil","raw_agricultural_material"
"roasted mustard seed","mustard","taste profile / spice"
"toasted onion flakes","onion","taste profile / spice"
"toasted onion powder","onion","taste profile / spice"
"vitamins pantothenol","synthetic","antioxidant"
"pineapple flavouring","pineapple","flavouring agent"
"preservative ins 212","synthetic","preservative"
"preservative ins 224","synthetic","preservative"
"preservative ins 202","synthetic","preservative"
"pyridoxine hydroxide","synthetic","antioxidant"
"glutinous rice flour","rice","raw_agricultural_material"
"preservative ins 211","synthetic","preservative"
"preservative ins 200","synthetic","preservative"
"humectant ins 420 ii","corn | tapioca","humectant"
"thiamine mononitrate","synthetic","antioxidant"
"thiamin hydrohloride","synthetic","antioxidant"
"thiamine mononitrate","synthetic","antioxidant"
"processed gooseberry","gooseberry","raw_agricultural_material"
"vitamins vitamin b12","synthetic","antioxidant"
"bubblegum flavouring","synthetic","flavouring agent"
"creatine monohydrate","synthetic","antioxidant"
"emulsifier ins 472 e","palm | soybean | sunflower","emulsifier"
"psyllium husk powder","psyllium","thickener|bulking agent"
"thickener gellan gum","sphingomonas elodea","thickener|stabiliser"
"guarana seed extract","guarana","flavouring agent"
"water chestnut flour","water chestnut","raw_agricultural_material"
"refined palmolein oil","palm","lipid base"
"hydrogenated palm oil","palm","lipid base"
"hydrogenated palm fat","palm","lipid base"
"edible vegetable fats","palm | soybean | groundnut | sunflower","lipid base"
"refined vegetable oil","palm | soybean | sunflower | groundnut","lipid base"
"annatto extract color","annatto","colour"
"color paprika extract","paprika","colour"
"curcumin color ins 10","turmeric","colour"
"synthetic food colors","synthetic","colour"
"color vegetable juice","carrot | beetroot","colour"
"modified maize starch","corn","thickener"
"modified starch maize","corn","thickener"
"roasted garlic flakes","garlic","taste profile / spice"
"lait ecreme en poudre","milk","processed_ingredient"
"lait entier en poudre","milk","processed_ingredient"
"refined rice bran oil","rice","lipid base"
"strawberry flavouring","strawberry","flavouring agent"
"refined sunflower oil","sunflower","lipid base"
"acidity regulator ins","synthetic","acidity regulator"
"acidity regulators ns","synthetic","acidity regulator"
"raising agent ins 341","mineral","raising agent"
"emulsifier ins 339iii","synthetic","emulsifier"
"stabilizer ins 339 ii","synthetic","stabiliser"
"dipotassium phosphate","mineral","firming agent"
"firming agent ins 341","mineral","firming agent"
"raising agent ins 503","synthetic","raising agent"
"potassium bicarbonate","synthetic","raising agent"
"compounded asafoetida","asafoetida","taste profile / spice"
"asafootida flavouring","asafoetida","flavouring agent"
"raising agent ins 500","synthetic","raising agent"
"fenugreek leaf powder","fenugreek","taste profile / spice"
"thickener xanthan gum","synthetic | corn","thickener"
"caramel color ins 415","sugarcane","colour"
"coriander seed powder","coriander","taste profile / spice"
"haldi turmeric powder","turmeric","taste profile / spice"
"pasturised toned milk","milk","raw_agricultural_material"
"pasteurised amul milk","milk","raw_agricultural_material"
"active lactic culture","milk","fermentation_agent"
"live bacteria culture","milk","fermentation_agent"
"ammonium phosphatides","synthetic","emulsifier"
"soluble coffee powder","coffee","flavouring agent"
"artificial flavouring","synthetic","flavouring agent"
"black cardamom powder","cardamom","taste profile / spice"
"large cardamom powder","cardamom","taste profile / spice"
"indian cottage cheese","milk","processed_ingredient"
"paneer cottage cheese","milk","processed_ingredient"
"romano cheese enzymes","milk","fermentation_agent"
"cucumber seed ins 396","cucumber","anticaking agent"
"stabilizer gum arabic","acacia","stabiliser|thickener"
"sorbitean tristearate","palm | soybean | sunflower","emulsifier"
"mono sodium glutamate","synthetic","taste profile / spice"
"gelling agent ins 508","synthetic","gelling agent"
"ghee clarified butter","milk","lipid base"
"glazing agent ins 903","beeswax","glazing agent"
"glazing agent ins 901","beeswax","glazing agent"
"glazing agent ins 904","shellac","glazing agent"
"green cardamom powder","cardamom","taste profile / spice"
"refined groundnut oil","groundnut","lipid base"
"emulsifiers lecithins","soybean | sunflower","emulsifier"
"soya lecithin ins 322","soybean","emulsifier"
"nimbu pani flavouring","lemon","flavouring agent"
"mono and diglycerides","palm | soybean | sunflower","emulsifier"
"mono-and diglycerides","palm | soybean | sunflower","emulsifier"
"roasted mustard seeds","mustard","taste profile / spice"
"gelling agent ins 440","apple | citrus","gelling agent"
"sichuan pepper powder","sichuan pepper","taste profile / spice"
"soya sauce flavouring","soybean | wheat","flavouring agent"
"antioxidant vitamin d","lanolin | fish liver oil","antioxidant"
"vapor distilled water","water","raw_agricultural_material"
"reverse osmosis water","water","raw_agricultural_material"
"acai berry flavouring","acai","flavouring agent"
"black truffle extract","truffle","flavouring agent"
"capsule shell ins 428","beef | pork | fish","gelling agent"
"croscarmellose sodium","wood","bulking agent"
"cultured sweet potato","sweet potato","fermentation_agent"
"enzyme blend digezyme","aspergillus oryzae | rice","fermentation_agent"
"fructooligosaccharide","sugarcane | chicory","sweetener|bulking agent"
"stabilizer gellan gum","sphingomonas elodea bacteria","stabiliser|gelling agent"
"saturated fatty acids","palm | coconut | milk","lipid base"
"shankhapushpi extract","shankhapushpi","flavouring agent"
"hydrogenated table oil","palm | soybean | groundnut","lipid base"
"dehydrated carrot bits","carrot","raw_agricultural_material"
"caramel color ins 150a","sugarcane","colour"
"color caramel ins 150a","sugarcane","colour"
"color paprika ins 160c","paprika","colour"
"color turmeric extract","turmeric","colour"
"color fd&c red 40 lake","synthetic","colour"
"dehydrated garlic bits","garlic","taste profile / spice"
"organic ginger rhizome","ginger","taste profile / spice"
"magnesium bisglycinate","synthetic","NULL"
"split black gram flour","black gram","raw_agricultural_material"
"filtered flax seed oil","flax","lipid base"
"sodium acetate ins 262","synthetic","preservative"
"stabilizer ins 450 iii","mineral","stabiliser"
"raising agent ins 3410","mineral","raising agent"
"raising agent ins 5030","synthetic","raising agent"
"raising agent ins 500i","mineral","raising agent"
"dried fenugreek leaves","fenugreek","taste profile / spice"
"stabilizer xanthan gum","xanthomonas campestris bacteria","stabiliser|thickener|gelling agent"
"dried coriander leaves","coriander","taste profile / spice"
"ground coriander seeds","coriander","taste profile / spice"
"pasteurised toned milk","milk","raw_agricultural_material"
"standardized milk curd","milk","processed_ingredient"
"active lactic cultures","milk","fermentation_agent"
"antifoaming agent dmps","synthetic","antifoaming agent"
"potassium ferrocyanide","mineral","anticaking agent"
"bifidobacterium lactis","milk","fermentation_agent"
"marinated paneer dices","milk","processed_ingredient"
"cacao magro in polvere","cocoa","processed_ingredient"
"cacao maigre en poudre","cocoa","processed_ingredient"
"condensed skimmed milk","milk","processed_ingredient"
"refined cottonseed oil","cottonseed","lipid base"
"wheat improver ins 510","mineral","flour treatment agent"
"wheat improver ins 923","synthetic","flour treatment agent"
"glazing agent carnauba","carnauba palm","glazing agent"
"kiwi juice concentrate","kiwi","flavouring agent"
"emulsifier soy ins 322","soybean","emulsifier"
"onion flavouring agent","onion","flavouring agent"
"proabsor8 blend papain","papaya","NULL"
"gelling agent ins 4401","apple | citrus","gelling agent"
"pomegranate flavouring","pomegranate","flavouring agent"
"potato flakes potatoes","potato","raw_agricultural_material"
"reducing agent ins 223","synthetic","preservative"
"wheat improver ins 923","synthetic","flour treatment agent"
"shatavari root extract","shatavari","raw_agricultural_material"
"enzyme b-galactosidase","synthetic","fermentation_agent"
"b-galactosidase enzyme","synthetic","fermentation_agent"
"ultrasorb tech lactase","synthetic","fermentation_agent"
"cysteine hydrochloride","synthetic","flour treatment agent"
"distillate of gaozaban","gaozaban","flavouring agent"
"fructo-oligosaccharide","sugarcane","sweetener|bulking agent"
"fructo-oligosaccharide","sugarcane","sweetener|bulking agent"
"fructo oligosaccharide","sugarcane","sweetener|bulking agent"
"fructooligosaccharides","sugarcane","sweetener|bulking agent"
"l-lysine hydrochloride","synthetic","flour treatment agent"
"packaging gas nitrogen","synthetic","packaging gas"
"vegetable oil palmolein","palm","lipid base"
"centre fractionated fat","palm","lipid base"
"carrot flavouring agent","carrot","flavouring agent"
"modified starch tapioca","tapioca","thickener"
"starch acetate ins 1420","tapioca | corn","thickener"
"mixed fruits flavouring","apple | mango | guava","flavouring agent"
"vegetables garlic paste","garlic","taste profile / spice"
"mango puree concentrate","mango","raw_agricultural_material"
"concentrated mango pulp","mango","raw_agricultural_material"
"vegetable oil rice bran","rice","lipid base"
"steviol glycoside reb-a","stevia","sweetener"
"strawberry fruit powder","strawberry","flavouring agent"
"vegetable oil sunflower","sunflower","lipid base"
"leavening agent ins 341","mineral","raising agent"
"leavening agent ins 450","mineral","raising agent"
"sodium tripolyphosphate","mineral","sequestrant"
"monopotassium phosphate","mineral","acidity regulator"
"leavening agent ins 500","mineral","raising agent"
"raising agent ins 500 i","mineral","raising agent"
"dehydrated orange juice","orange","flavouring agent"
"reconstituted skim milk","milk","raw_agricultural_material"
"whey protein hydrolsate","milk","processed_ingredient"
"apple juice concentrate","apple","flavouring agent"
"organic rama tulsi leaf","tulsi","flavouring agent"
"organic vana tulsi leaf","tulsi","flavouring agent"
"bifidobacterium bifidum","synthetic","probiotic"
"black pepper flavouring","black pepper","flavouring agent"
"butterscotch flavouring","synthetic","flavouring agent"
"cocoa butter equivalent","palm | shea | sal","lipid base"
"refined cotton seed oil","cottonseed","lipid base"
"cake emulsifier ins 491","palm","emulsifier"
"salt substitute ins 508","mineral","raw_agricultural_material"
"flour treatment ins 510","synthetic","flour treatment agent"
"flour improver ins 1100","aspergillus oryzae","flour treatment agent"
"wheat improver ins 1100","aspergillus oryzae","flour treatment agent"
"flour improver ins 1101","aspergillus oryzae","flour treatment agent"
"flour improver ins 1104","aspergillus oryzae","flour treatment agent"
"flour treatment ins 923","synthetic","flour treatment agent"
"glycerol ester of rosin","pine","glazing agent"
"guava puree concentrate","guava","raw_agricultural_material"
"lactobacillus rhamnosus","synthetic","probiotic"
"emulsifier soy lecithin","soybean","emulsifier"
"lemon juice concentrate","lemon","flavouring agent"
"organic lemongrass leaf","lemongrass","taste profile / spice"
"onion powder flavouring","onion","flavouring agent"
"pomegranate seed powder","pomegranate","processed_ingredient"
"bleaching agent ins 223","synthetic","bleaching agent"
"flour treatment ins 923","synthetic","flour treatment agent"
"uv treated and ozonized","SKIP","preservative"
"black truffle seasoning","truffle","taste profile / spice"
"food grade fish gelatin","fish","gelling agent"
"edible sodium caseinate","milk","processed_ingredient"
"hpmc vegetarian capsule","wood","NULL"
"cotton candy flavouring","synthetic","flavouring agent"
"ferric ammonium citrate","synthetic","anticaking agent"
"fructo-oligosaccharides","sugarcane | beet","sweetener|bulking agent"
"omega concentrate blend","fish","lipid base"
"sodium starch glycolate","potato","thickener"
"krishnalavana black salt","mineral","taste profile / spice"
"modified starch ins 1404","tapioca","thickener"
"modified starch ins 1420","tapioca","thickener"
"modified starch ins 1440","corn | tapioca | potato","thickener"
"modified starch ins 1442","corn | tapioca | potato","thickener"
"pteroylmonoglutamic acid","synthetic","NULL"
"dehydrated garlic powder","garlic","taste profile / spice"
"spice oleoresin gingerol","ginger","taste profile / spice"
"masala flavouring ginger","ginger","flavouring agent"
"high fructose corn syrup","corn","sweetener"
"anticaking agent ins 470","palm | soybean | sunflower","anticaking agent"
"anticaking agent ins 504","mineral","anticaking agent"
"concentrated milk solids","milk","processed_ingredient"
"soya protein hydrolysate","soybean","processed_ingredient"
"sugar substitute ins 960","stevia","sweetener"
"high oleic sunflower oil","sunflower","lipid base"
"anticaking agent ins 341","mineral","anticaking agent"
"emulsifying salt ins 341","mineral","emulsifier"
"anticaking agent ins 503","mineral","anticaking agent"
"raising agent ins 500 ii","mineral","raising agent"
"acidifying agent ins 330","synthetic | corn","acidity regulator"
"orange juice concentrate","orange","flavouring agent"
"skimmed milk concentrate","milk","processed_ingredient"
"whey protein concentrate","milk","processed_ingredient"
"acidifying agent ins 260","synthetic","acidity regulator"
"acitifying agent ins 260","synthetic","acidity regulator"
"anticaking agent ins 551","mineral","anticaking agent"
"anticaking agent ins 536","synthetic","anticaking agent"
"anticaking agent ins 541","mineral","anticaking agent"
"anticaking agent ins 553","mineral","anticaking agent"
"concentrated apple juice","apple","flavouring agent"
"organic chamomile flower","chamomile","flavouring agent"
"pasteurized skimmed milk","milk","processed_ingredient"
"dried bark of cinnamomum","cinnamon","taste profile / spice"
"fat-reduced cocoa powder","cocoa","processed_ingredient"
"vegetable oil cottonseed","cottonseed","lipid base"
"flavour enhancer ins 627","synthetic","flavouring agent"
"flavour enhancer ins 631","synthetic","flavouring agent"
"flavouring agent ins 631","synthetic","flavouring agent"
"flavour enhancer ins 635","synthetic","flavouring agent"
"binding agent gum acacia","acacia","binding agent|thickener|stabiliser"
"anticaking agent ins 414","acacia","anticaking agent"
"flavour enhancer ins 620","synthetic","flavouring agent"
"flavour enhancer ins 621","synthetic","flavouring agent"
"flavour enhancer ins 629","synthetic","flavouring agent"
"flavour enhancer ins 630","synthetic","flavouring agent"
"flavour enhancer ins 637","synthetic","flavouring agent"
"flavour enhancer ins 508","synthetic","flavouring agent"
"flour treatment ins 1100","aspergillus oryzae","flour treatment agent"
"thickening agent ins 412","guar","thickener"
"concentrated jamun juice","jamun","flavouring agent"
"emulsifier soya lecithin","soybean","emulsifier"
"emulsifier soya lecothin","soybean","emulsifier"
"concentrated lemon juice","lemon","flavouring agent"
"milk protein concentrate","milk","processed_ingredient"
"dehydrated potato flakes","potato","raw_agricultural_material"
"pyridoxine hydrochloride","synthetic","fortification_agent"
"sugar substitute ins 420","corn | tapioca","sweetener|bulking agent"
"ethylvanillin flavouring","synthetic","flavouring agent"
"toasted watermelon seeds","watermelon","raw_agricultural_material"
"cherry juice concentrate","cherry","flavouring agent"
"emulsifying salt ins 341","mineral","emulsifier"
"foam stabilizer ins 1505","quillaia saponaria","stabiliser"
"packaging gases nitrogen","synthetic","packaging gas"
"batter thickener ins 1412","tapioca","thickener"
"concentrated fruit juices","apple | orange | mango","raw_agricultural_material"
"chopped roasted hazelnuts","hazelnut","raw_agricultural_material"
"anticaking agent ins 4700","synthetic","anticaking agent"
"sodium selenite angydrate","mineral","preservative"
"zinc sulphate monohydrate","mineral","fortification_agent"
"acidity regulator ins 261","synthetic","acidity regulator"
"acidity regulator ins 262","synthetic","acidity regulator"
"acidity regulator ins 290","synthetic","acidity regulator"
"acidity regulator ins 394","synthetic","acidity regulator"
"acidity regulator ins 524","mineral","acidity regulator"
"acidity regulator ins 525","mineral","acidity regulator"
"acidity regulator ins 575","synthetic","acidity regulator"
"acidity regulator ins e30","synthetic | corn","acidity regulator"
"acidity regulator ins 338","mineral","acidity regulator"
"acidity regulator ins 341","mineral","acidity regulator"
"acidity regulator ins 451","mineral","acidity regulator"
"acidity regulator ins 339","mineral","acidity regulator"
"acidity regulator ins 340","mineral","acidity regulator"
"acidity regulator ins 503","mineral","acidity regulator"
"acidity regulator ins 504","mineral","acidity regulator"
"acidity regulator ins 501","mineral","acidity regulator"
"sodium hydrogen carbonate","synthetic","acidity regulator"
"acidity regulator ins 500","synthetic","acidity regulator"
"acidity regulator ins 330","synthetic | corn","acidity regulator"
"concentrated orange juice","orange","flavouring agent"
"acidity regulator ins 260","synthetic","acidity regulator"
"anticaking agent ins e551","mineral","anticaking agent"
"roasted and ground coffee","coffee","taste profile / spice"
"roasted bengal gram flour","bengal gram","raw_agricultural_material"
"desiccated coconut powder","coconut","processed_ingredient"
"dehydrated coconut shreds","coconut","raw_agricultural_material"
"coconut water concentrate","coconut","processed_ingredient"
"flavour enhancer ins 6351","synthetic","flavouring agent"
"stabilising agent ins 414","acacia tree","stabiliser|thickener|gelling agent"
"flavour enhancer ins 1101","synthetic","flavouring agent"
"ammonium chloride ins 510","synthetic","acidity regulator"
"garcinia cambogia extract","garcinia cambogia","flavouring agent"
"stabilising agent ins 445","pine resin","stabiliser|emulsifier"
"cardamom seeds flavouring","cardamom","taste profile / spice"
"emulsifying agent ins 412","guar bean","emulsifier"
"stabilizing agent ins 412","guar bean","stabiliser|thickener|gelling agent"
"hydrolysed ground protein","groundnut","processed_ingredient"
"acidity regulator ins 270","synthetic | corn","acidity regulator"
"lactobacillus acidophilus","synthetic","preservative"
"emulsifier soya lecithins","soybean","emulsifier"
"emulsifier – lecithin soy","soybean","emulsifier"
"mosambi juice concentrate","mosambi","flavouring agent"
"acidity regulator ins 196","synthetic","acidity regulator"
"acidity regulator ins 296","synthetic","acidity regulator"
"stabilising agent ins 471","palm | soybean | sunflower","stabiliser|emulsifier"
"stabilizing agent ins 471","palm | soybean | sunflower","stabiliser|emulsifier"
"parsley powder flavouring","parsley","flavouring agent"
"stabilizing agent ins 440","apple | citrus","stabiliser|gelling agent"
"stabilizing agent ins 401","seaweed","stabiliser|gelling agent"
"acidity regulator ins 331","synthetic | corn","acidity regulator"
"stabilising agent ins 331","synthetic | corn","stabiliser"
"acidity regulator ins 325","synthetic | corn","acidity regulator"
"acidity regulator ins 334","tartaric acid","acidity regulator"
"ethyl vanillin flavouring","synthetic","flavouring agent"
"vitamin d2 ergocalciferol","yeast","fortification_agent"
"enzyme beta galactosidase","aspergillus niger | kluyveromyces lactis","fermentation_agent"
"enzyme beta-galactosidase","aspergillus niger | kluyveromyces lactis","fermentation_agent"
"edible vegetable bran oil","rice","lipid base"
"fava bean protein isolate","fava bean","processed_ingredient"
"lutein-zeaxanthin complex","marigold","colour"
"hydrogenated vegetable fat","palm | soybean | groundnut","lipid base"
"hydrogenated vegetable oil","palm | soybean | groundnut","lipid base"
"fractionated vegetable fat","palm | soybean | groundnut","lipid base"
"partially hydrogenated oil","palm | soybean | groundnut","lipid base"
"magnesium stearate ins 470","palm | soybean | sunflower","anticaking agent|emulsifier"
"magnesium sulphate ins 518","mineral","firming agent"
"fortified wheat flour iron","wheat","raw_agricultural_material"
"centre filling milk solids","milk","processed_ingredient"
"preserved strawberry fruit","strawberry","raw_agricultural_material"
"refined sunflower seed oil","sunflower","lipid base"
"roasted almonds flavouring","almond","flavouring agent"
"tribasic calcium phosphate","mineral","anticaking agent"
"cake raising agent ins 341","mineral","raising agent"
"acidity regulator ins e330","synthetic | corn","acidity regulator"
"reconstituted skimmed milk","milk","raw_agricultural_material"
"acidity regulator ins e260","synthetic","acidity regulator"
"streptococcus thermophilus","milk","fermentation_agent"
"lacto-bacillus acidophilus","milk","fermentation_agent"
"antifoaming agent ins 900a","synthetic","antifoaming agent"
"brown rice protein isolate","rice","processed_ingredient"
"kashmiri red chilli powder","chilli","taste profile / spice"
"mathania red chilli powder","chilli","taste profile / spice"
"husked dew moth bean flour","dew moth bean","raw_agricultural_material"
"acidity regulator ins e331","synthetic | corn","acidity regulator"
"panax ginseng root extract","panax ginseng","flavouring agent"
"medium chain triglycerides","coconut | palm kernel","lipid base"
"medium chain-triglycerides","coconut | palm kernel","lipid base"
"phyllanthus niruri extract","phyllanthus niruri","flavouring agent"
"hydrogenated vegetable fats","palm | soybean | groundnut","lipid base"
"fractionated vegetable fats","palm | soybean | groundnut","lipid base"
"paprika oleoresin ins 160ci","paprika","colour"
"acetylated distarch adipate","corn | tapioca | potato","thickener"
"roasted spice powder ginger","ginger","taste profile / spice"
"magnesium phosphate dibasic","mineral","NULL"
"vitamin a retinyl palmitate","palm","fortification_agent"
"tri basic calcium phosphate","mineral","NULL"
"acidity regulator ins 501 i","mineral","acidity regulator"
"acidity regulator ins 500 i","mineral","acidity regulator"
"dehydrated fenugreek leaves","fenugreek","taste profile / spice"
"dehydrated coriander leaves","coriander","taste profile / spice"
"l.bacillus delbruecki subsp","milk","preservative"
"limosilactobacillus reuteri","milk","preservative"
"anti-foaming agent ins 900a","synthetic","antifoaming agent"
"green coffee extract powder","coffee","flavouring agent"
"stalkless kashmiri chillies","chilli","taste profile / spice"
"mineral chromium picolinate","mineral","NULL"
"cranberry juice concentrate","cranberry","flavouring agent"
"emulsifier vegetable origin","palm | soybean | sunflower","emulsifier"
"enzyme preparation ins 1100","barley","fermentation_agent"
"stabilizer guar gum ins 412","guar","stabiliser|thickener"
"roasted spice powder nutmeg","nutmeg","taste profile / spice"
"pineapple juice concentrate","pineapple","flavouring agent"
"pineapple fruit preparation","pineapple","raw_agricultural_material"
"bacillus coagulans snz 1969","bacillus coagulans","NULL"
"rosemary extract flavouring","rosemary","flavouring agent"
"acidity regulator ins 350 1","synthetic","acidity regulator"
"sucrose acetate isobutyrate","synthetic","emulsifier"
"enzyme preparation ins 1102","aspergillus niger","fermentation_agent"
"enzyme preparation ins 1104","aspergillus niger","fermentation_agent"
"sugar substitute erythritol","corn","sweetener|bulking agent"
"evening primrose oil powder","evening primrose","lipid base"
"tangerine juice concentrate","tangerine","flavouring agent"
"magnesium hydrogen phosphate","mineral","anticaking agent"
"fortified wheat flour niacin","wheat","fortification_agent"
"concentrated sugarcane juice","sugarcane","sweetener"
"anticaking agent ins 341 iii","mineral","anticaking agent"
"ammonium bicarbonate ins 503","synthetic","raising agent"
"potassium hydrogen carbonate","mineral","acidity regulator"
"acidity regulator ins 500 ii","mineral","acidity regulator"
"acidifying agent acetic acid","synthetic | sugarcane","acidity regulator"
"lacto - bacillus acidophilus","milk","fermentation_agent"
"roasted spice powder aniseed","aniseed","taste profile / spice"
"krishna tulsi ocimum sanctum","tulsi","taste profile / spice"
"edible vegetable oil coconut","coconut","lipid base"
"hydrolyzed vegetable protein","soybean | groundnut | corn","processed_ingredient"
"hydrolysed vegetable protein","soybean | groundnut | corn","processed_ingredient"
"hydrolyzed groundnut protein","groundnut","processed_ingredient"
"hydralyzed vegetable protein","soybean | groundnut | corn","processed_ingredient"
"hydrolized vegetable protein","soybean | groundnut | corn","processed_ingredient"
"hydrolysed groundnut protein","groundnut","processed_ingredient"
"neem azadirachta indica leaf","neem azadirachta indica","NULL"
"probiotic bacillus coagulans","bacillus coagulans","processed_ingredient"
"preservative sodium benzoate","synthetic","preservative"
"acidity regulator ins 331 ii","synthetic | corn","acidity regulator"
"grapefruit juice concentrate","grapefruit","flavouring agent"
"edible vegetable oil palm oil","palm","lipid base"
"interesterified vegetable fat","palm | soybean | groundnut","lipid base"
"edible vegetable fats sal fat","sal","lipid base"
"edible vegetable oil corn oil","corn","lipid base"
"fortified wheat flour thiamin","wheat","fortification_agent"
"afgani seedless black raisins","grape","sweetener"
"texturised soy protein flakes","soybean","raw_agricultural_material"
"glucono delta lactone ins 575","synthetic | corn","acidity regulator"
"acidity regulator citric acid","synthetic | corn","acidity regulator"
"emulsifier stabilizer ins 415","synthetic","emulsifier|stabiliser"
"citrus fruit from concentrate","citrus","flavouring agent"
"roasted spice powder turmeric","turmeric","taste profile / spice"
"vana tulsi ocimum gratissimum","tulsi","flavouring agent"
"tulsi ocimum tenuiflorum leaf","tulsi","flavouring agent"
"reconstituted buttermilk milk","milk","raw_agricultural_material"
"spice oleoresin cuminaldehyde","cumin","taste profile / spice"
"polyvinylpyrrolidone ins 1202","synthetic","stabiliser"
"encapsulated ferrous sulphate","mineral","antioxidant"
"flour treatment agent ins 516","mineral","flour treatment agent"
"flour treatment agent ins 510","mineral","flour treatment agent"
"flour treatment agent ins 223","synthetic","flour treatment agent"
"emulsifier sunflower lecithin","sunflower","emulsifier"
"dehydrated white onion powder","onion","taste profile / spice"
"pomegranate juice concentrate","pomegranate","flavouring agent"
"probiotics bacillus coagulans","synthetic","?probiotic"
"flour treatment agent ins 223","synthetic","flour treatment agent"
"brihati solanum indicum plant","brihati","raw_agricultural_material"
"croscarmellose sodium ins 468","wood pulp | cotton","bulking agent"
"gudmar gymnema sylvestre leaf","gudmar","sweetener"
"jiwanti leptadenia reticulata","jiwanti","raw_agricultural_material"
"medium chain triglyceride oil","coconut | palm kernel","lipid base"
"mudgaparni phaseolus trilobus","mudgaparni","raw_agricultural_material"
"polyvinylpyrrolidone ins 1202","synthetic","stabiliser"
"vidari pueraria tuberosa root","vidari","raw_agricultural_material"
"tulsi ocimum tenuiflorum leaf","tulsi","flavouring agent"
"edible vegetable oil palmolein","palm","lipid base"
"edible vegetable oil palmolien","palm","lipid base"
"edible vanaspati oil vanaspati","palm | soybean | groundnut","lipid base"
"mozzarella cheese lodized salt","milk | mineral","processed_ingredient"
"soya sauce powder lodized salt","soybean | mineral","taste profile / spice"
"riboflavin 5'-phosphate sodium","synthetic","fortification_agent"
"fortified wheat flour thiamine","wheat","fortification_agent"
"mango flavouring confectionery","mango","flavouring agent"
"edible vegetable oil rice bran","rice","lipid base"
"edible vegetable oil sunflower","sunflower","lipid base"
"dehydrated kasuri methi leaves","kasuri methi","taste profile / spice"
"roasted spice powder fenugreek","fenugreek","taste profile / spice"
"roasted spice powder coriander","coriander","taste profile / spice"
"yogurt milk bacterial cultures","milk","fermentation_agent"
"lactic cultures s thermophilus","milk","fermentation_agent"
"roast and ground filter coffee","coffee","flavouring agent"
"malted barley extracted solids","barley","processed_ingredient"
"organic tulsi holy basil blend","tulsi","flavouring agent"
"marich kalimarich piper nigrum","black pepper","taste profile / spice"
"blackcurrant juice concentrate","blackcurrant","flavouring agent"
"whole grains brown rice flakes","rice","raw_agricultural_material"
"butterfat from milk flavouring","milk","lipid base"
"sodium carboxymethyl cellulose","synthetic","thickener|stabiliser"
"flour treatment agent ins 1101","aspergillus oryzae","flour treatment agent"
"flour treatment agent ins 1100","barley","flour treatment agent"
"flour treatment agent ins 1102","synthetic","flour treatment agent"
"flour treatment agent ins 1104","aspergillus niger","flour treatment agent"
"flour treatment agent ins 1223","synthetic","flour treatment agent"
"emulsifier sunflower lecithins","sunflower","emulsifier"
"flour treatment agent ins 1223","synthetic","flour treatment agent"
"medium chain triglycerides oil","coconut | palm kernel","lipid base"
"musta cyperus rotundus rhizome","cyperus rotundus","taste profile / spice"
"edible vegetable oil palm olien","palm","lipid base"
"edible vegetable oil palmnolein","palm","lipid base"
"starch sodium octenyl succinate","corn | tapioca","emulsifier"
"refined vegetable oil sunflower","sunflower","lipid base"
"emulsifier sodium polyphosphate","mineral","emulsifier"
"di-potassium hydrogen phosphate","mineral","acidity regulator"
"raising agent sodium carbonates","mineral","raising agent"
"yoghurt milk bacterial cultures","milk","fermentation_agent"
"antifoaming agent dmps ins 900a","synthetic","antifoaming agent"
"anticaking agent silica ins 551","mineral","anticaking agent"
"edible vegetable oil cottonseed","cottonseed","lipid base"
"edible vegetable oil ground nut","groundnut","lipid base"
"emulsifier soy lecithin ins 322","soybean","emulsifier"
"emulsifying agent soya lecithin","soybean","emulsifier"
"emulsifier ins 471 plant origin","palm | soybean | sunflower","emulsifier"
"creatine monohydrate micronized","synthetic","fortification_agent"
"giloy tinospora cordifolia stem","giloy tinospora cordifolia stem","raw_agricultural_material"
"kakanasika martynia annua fruit","kakanasika martynia annua fruit","raw_agricultural_material"
"prishniparni uraria picta plant","prishniparni uraria picta plant","raw_agricultural_material"
"utpala nymphaea stellata flower","utpala nymphaea stellata flower","flavouring agent"
"edible vegetable oil palm kernel","palm","lipid base"
"color paprika oleoresin ins 160c","paprika","colour"
"condensed milk-solid balls khoya","milk","processed_ingredient"
"raising agent sodium bicarbonate","synthetic","raising agent"
"probiotic cultures l acidophilus","synthetic","?probiotic"
"anticaking agent silicon dioxide","mineral","anticaking agent"
"artificial flavouring substances","synthetic","flavouring agent"
"sweetened condensed skimmed milk","milk","sweetener|base ingredient"
"edible vegetable oil cotton seed","cottonseed","lipid base"
"emulsifier soya lecithin ins 322","soybean | sunflower","emulsifier"
"emulsifier glyceryl monostearate","palm | soybean | sunflower","emulsifier"
"vitamin b6 pyridoxal-5-phosphate","synthetic","fortification_agent"
"emulsifier salts of stearic acid","palm | soybean | sunflower","emulsifier"
"capsule shell ingredient gelatin","beef | pork | fish","gelling agent"
"punarnava boerhavia diffusa root","punarnava boerhavia diffusa","raw_agricultural_material"
"shati hedychium spicatum rhizome","shati hedychium spicatum","taste profile / spice"
"fish oil omega 3 fatty acids epa","fish","lipid base"
"edible vegetable oil pamolein oil","palm","lipid base"
"hydrogenated edible vegetable fat","palm | soybean | groundnut","lipid base"
"noodle powder refined wheat flour","wheat","raw_agricultural_material"
"fortified wheat flour wheat flour","wheat","raw_agricultural_material"
"edible vegetable oil rice bra oil","rice","lipid base"
"strawberry juice from concentrate","strawberry","flavouring agent"
"mineral sodium hydrogen carbonate","mineral","raising agent"
"enzyme beta-galact active culture","synthetic","fermentation_agent"
"emulsifiers ammonium phosphatides","synthetic","emulsifier"
"anticaking agent calcium silicate","mineral","anticaking agent"
"organic rama tulsi ocimum sanctum","tulsi","taste profile / spice"
"roasted spice powder black pepper","black pepper","taste profile / spice"
"flavour enhancer sodium glutamate","synthetic","flavouring agent"
"grape seed extract vitis vinifera","grape","raw_agricultural_material"
"liquorice glycyrrhiza glabra bark","liquorice glycyrrhiza glabra","taste profile / spice"
"dadima anar seeds punica granatum","pomegranate","raw_agricultural_material"
"sodium aluminium sulphate ins 521","mineral","acidity regulator"
"mineral dough conditioner ins 223","synthetic","flour treatment agent"
"gelling agent agar powder ins 406","red algae","gelling agent"
"medium chain triglyceride mct oil","coconut | palm kernel","lipid base"
"emulsifier salts of palmitic acid","palm","emulsifier"
"tamalaki phyllanthus niruri plant","phyllanthus niruri","raw_agricultural_material"
"edible vegetable oil paimolein oil","palm","lipid base"
"edible vegetable oil palmolein oil","palm","lipid base"
"edible vegetable oil palmolein oll","palm","lipid base"
"edible vegetable oil palmonien oil","palm","lipid base"
"dehydrated vegetable powder garlic","garlic","taste profile / spice"
"ginger zingiber officinale rhizome","ginger","taste profile / spice"
"edible vegetable oil rice bran oil","rice","lipid base"
"edible vegetable oil sunflower oil","sunflower","lipid base"
"raising agent ammonium bicarbonate","synthetic","raising agent"
"coriander seeds coriandrum sativum","coriander","taste profile / spice"
"protein blend whey protein isolate","milk","processed_ingredient"
"vana tulsi ocimum gratissimum leaf","ocimum gratissimum","taste profile / spice"
"stabilizer carboxymethyl cellulose","wood pulp | cotton","stabiliser"
"dried red chillies capsicum annuum","capsicum annuum","taste profile / spice"
"salt substitute potassium chloride","mineral","fortification_agent"
"edible vegetable oil groundnut oil","groundnut","lipid base"
"dehydrated vegetable powder tomato","tomato","processed_ingredient"
"gokshura tribulus terrestris fruit","tribulus terrestris","raw_agricultural_material"
"kantakari solanum surattense plant","solanum surattense","raw_agricultural_material"
"karkatshringi pistacia integerrima","pistacia integerrima","taste profile / spice"
"refined vegetable oil palmolein oil","palm","lipid base"
"edible vegetable oil rice brand oil","rice","lipid base"
"kasuri methi dried fenugreek leaves","fenugreek","taste profile / spice"
"fermented nutritional yeast protein","yeast","fermentation_agent"
"cinnamon cinnamomum zeylanicum bark","cinnamon","taste profile / spice"
"edible vegetable oil cottonseed oil","cottonseed","lipid base"
"flavour enhancer disodium guanylate","synthetic","flavouring agent"
"flavour enhancer disodium inosinate","synthetic","flavouring agent"
"roasted spice powder green cardamom","cardamom","taste profile / spice"
"organic green tea camellia sinensis","camellia sinensis","flavouring agent"
"lemongrass cymbopogon citratus leaf","lemongrass","taste profile / spice"
"jiwanti leptadenia reticulata plant","leptadenia reticulata","raw_agricultural_material"
"shyonaka oroxylum indicum stem bark","oroxylum indicum","taste profile / spice"
"vijaysar pterocarpus marsupium stem","pterocarpus marsupium","raw_agricultural_material"
"huile végétale comestible palmoleine","palm","lipid base"
"huile végétale comestible palmoléine","palm","lipid base"
"hydrogenated vegetable fat palmolein","palm","lipid base"
"hydrogenated vegetable oil vanaspati","palm | soybean | groundnut","lipid base"
"edible vegetable fat onteresterified","palm | soybean | sunflower | groundnut","lipid base"
"active lactic culture s.thermophilus","milk","fermentation_agent"
"organic krishna tulsi ocimum sanctum","ocimum sanctum","taste profile / spice"
"butterscotch flavoured confectionery","milk | sugarcane","flavouring agent"
"sweet lime mosambi juice concentrate","mosambi","flavouring agent"
"acidity regulator malic acid ins 296","apple | citrus","acidity regulator"
"vitamin b6 pyridox ine hydrochloride","synthetic","fortification_agent"
"emulsifier sodium stearoyl lactylate","palm | soybean | sunflower","emulsifier"
"chocolate natural vanilla flavouring","cocoa | vanilla","flavouring agent"
"chocolate substitute refined palm oil","palm","lipid base"
"edible vegetable oil refined palm oil","palm","lipid base"
"vegetable juice concentrate for color","carrot | beetroot","colour"
"acidity regulator potassium carbonate","mineral","acidity regulator"
"acidity regulator citric acid ins 330","synthetic | corn","acidity regulator"
"citric acid acidity regulator ins 330","synthetic | corn","acidity regulator"
"flavour enhancer yeast extract powder","yeast","flavouring agent"
"active lactic cultures s thermophilus","milk","fermentation_agent"
"active lactic cultures s.thermophilus","milk","fermentation_agent"
"organic vana tulsi ocimum gratissimum","ocimum gratissimum","taste profile / spice"
"thickener micro crystalline cellulose","wood pulp","thickener|stabiliser"
"agaru cinnamomum zeylanicum stem bark","cinnamomum zeylanicum","taste profile / spice"
"mono- and diglycerides of fatty acids","palm | soybean | sunflower","emulsifier"
"probiotics bacillus coagulans snz1969","synthetic","raw_agricultural_material"
"arachidonic acid aa from m alpina oil","mortierella alpina","lipid base"
"kutki picrorhiza kurrooa root rhizome","picrorhiza kurrooa","taste profile / spice"
"mct powder medium chain triglycerides","coconut | palm kernel","lipid base"
"edible vegetable fat bakery shortening","palm | soybean | groundnut","lipid base"
"interesterified vegetable fat palm oil","palm","lipid base"
"lbacillus delbrueckii subsp bulgaricus","milk","fermentation_agent"
"stabilizer micro crystalline cellulose","wood pulp","stabiliser|thickener"
"chamomile matricaria chamomilla flower","chamomile","taste profile / spice"
"preservative potassium sorbate ins 202","synthetic","preservative"
"fortified wheat flour calcium carbonate","wheat | mineral","raw_agricultural_material"
"acidity regulator dipotassium phosphate","mineral","acidity regulator"
"raising agent sodium hydrogen carbonate","synthetic","raising agent"
"antifoaming agent dimethyl polysiloxane","synthetic","antifoaming agent"
"anticaking agent potassium ferrocyanide","synthetic","anticaking agent"
"sweetened condensed partly skimmed milk","milk","base ingredient|sweetener"
"flavour enhancer disodium 5'- guanylate","synthetic","flavouring agent"
"emulsifier polyglycerol polyricinoleate","castor bean","emulsifier"
"stabilizer hydrolysed vegetable protein","soybean | groundnut","stabiliser"
"stabilizer hydrolyzed vegetable protein","soybean | groundnut","stabiliser"
"emulsifier di-glycerides of fatty acids","palm | soybean | sunflower","emulsifier"
"stabilizer and thickener pectin ins 440","apple | citrus","stabiliser|thickener"
"fructo-oligosaccharides prebiotic fibre","sugarcane | chicory","sweetener|bulking agent"
"interesterified vegetable fat sesame oil","palm | soybean | groundnut | sesame","lipid base"
"raising agent sodium bicarbonate ins 500","synthetic","raising agent"
"l.bacillus delbrueckii subsp. bulgaricus","milk","fermentation_agent"
"amla extract emblica officinalis extract","amla","flavouring agent"
"anticaking agent silicon dioxide ins 551","mineral","anticaking agent"
"shweta chandan santalum album heart wood","sandalwood","taste profile / spice"
"edible vegetable oil refined ricebran oil","rice","lipid base"
"emulsifying and stabilising agent ins 415","corn | sugarcane","emulsifier|stabiliser"
"edible vegetable oil refined palmolein oil","palm","lipid base"
"emulsifying and stabilizing agent ins 1422","tapioca","emulsifier|stabiliser"
"leavening agent sodium bicarbonate ins 500","synthetic","raising agent"
"emulsifier carboxymethyl cellulose ins 466","wood pulp","emulsifier|thickener"
"active lactic cultures made from toned milk","milk","fermentation_agent"
"holy basil ocimum sanctum rama variety leaf","ocimum sanctum","taste profile / spice"
"edible vegetable oil refined cottonseed oil","cottonseed","lipid base"
"flavour enhancer disodium 5'-ribonucleotide","synthetic | yeast","flavouring agent"
"agnimantha clerodendrum phlomidis stem bark","clerodendrum phlomidis","taste profile / spice"
"arachidonic acid ara mortierella alpina oil","mortierella alpina","lipid base"
"chocolate substitute refined palm kernel oil","palm","lipid base"
"acidity regulator citric acid powder ins 330","synthetic | corn","acidity regulator"
"emulsifier polyglycerol esters of fatty acid","palm | soybean | sunflower","emulsifier"
"2'-fucosyllactose human milk oligosaccharide","synthetic","bulking agent"
"partially hydrogenated refined vegetable oils","palm | soybean | groundnut","lipid base"
"edible vegetable fat interesterified palm oil","palm","lipid base"
"acetylated distarch adipate thickener ins 1422","tapioca | corn | potato","thickener"
"acidity regulator potassium hydrogen carbonate","mineral","acidity regulator"
"acidity regulator sodium bicarbonate ins 500 i","synthetic","acidity regulator"
"holy basil ocimum sanctum krishna variety leaf","ocimum sanctum","taste profile / spice"
"lactose-rich deproteinized whey permeate powder","milk","processed_ingredient"
"lactic cultures l.delbruelkil subsp. bulgaricus","milk","fermentation_agent"
"antifoaming agent dimethyl polysiloxane ins 900","synthetic","antifoaming agent"
"stabilizer mono and diglycerides of fatty acids","palm | soybean | sunflower","stabiliser|emulsifier"
"emulsifier mono- and diglycerides of fatty acids","palm | soybean | sunflower","emulsifier|stabiliser"
"arachidonic acid ara from mortierella alpina oil","mortierella alpina","lipid base"
"stabilizer dipotassium hydrogen phosphate ins 340","mineral","stabiliser"
"stabilizer ins 466 sodium carboxymethyl cellulose","wood pulp","stabiliser|thickener"
"emulsifier propylene glycol esters of fatty acids","palm | soybean | sunflower","emulsifier"
"emulsifiers mono- and diglycerides of fatty acids","palm | soybean | sunflower","emulsifier|stabiliser"
"edible vegetable fat interesterified palm kernel oil","palm","lipid base"
"calcium b-hydroxy-b-methylbutyrate monohydrate cahmb","synthetic","fortification_agent"
"east india basil ocimum gratissimum vana variety leaf","ocimum gratissimum","taste profile / spice"
"apple juice reconstituted from apple juice concentrate","apple","flavouring agent"
"emulsifier mono and diglycerides of fatty acids ins 471","palm | soybean | sunflower","emulsifier|stabiliser"
"active lactic cultures including ldelbrueki subsp bulgaricus","milk","fermentation_agent"
"active lactic culture lbacillus delbrueckii subsp. bulgaricus","milk","fermentation_agent"
"active lactic cultures lbacillus delbrueckii subsp bulgaricus","milk","fermentation_agent"
"active lactic cultures l.bacillus delbrueckii subsp bulgaricus","milk","fermentation_agent"
"emulsifier diacetyl tartaric acid ester of mono and diglycerides","palm | soybean | sunflower","emulsifier"
"probiotic bacterial strains bifidobacterium animalis subsp lactis","milk","fermentation_agent"
"active lactic culture with probiotics bacteri animalis subop lactis","milk","fermentation_agent"
"di-acetyl tartaric acid esters of mono and diglycerides of edible vegetable oils","palm | soybean | sunflower | groundnut","emulsifier"
"emulsifier di-acetyl tartaric acid esters of mono and diglycerides of edible vegetable oils","palm | soybean | sunflower | groundnut","emulsifier"
"emulsifier di-acetyl tartaric acid esters of mono and di-glycerides of edible vegetable oils","palm | soybean | sunflower | groundnut","emulsifier"
